tweet_text,cyberbullying_type
You're a freak,Insult
You're disgusting,Insult
You're a loser,Insult
You're beneath everyone,Insult
You're revolting,Insult
You're pathetic,Insult
You're trash,Insult
You're a freak,Insult
You're a freak,Insult
You're dirty,Insult
You're awful,Insult
You're revolting,Insult
You're skinny,Insult
You're awful,Insult
You're dirty,Insult
You're ashamed,Insult
You're embarrassing,Insult
You're worthless,Insult
You're pond scum,Insult
You're awful,Insult
You're dirty,Insult
You're pond scum,Insult
You're pond scum,Insult
You're useless,Insult
You're embarrassing,Insult
You're skinny,Insult
You're dirty,Insult
You're pathetic,Insult
You're filthy,Insult
You're pond scum,Insult
You're despicable,Insult
You're repulsive,Insult
You're despicable,Insult
You're filthy,Insult
You're worthless,Insult
You're repulsive,Insult
You're worthless scum,Insult
You're despicable,Insult
You're garbage,Insult
You're pond scum,Insult
You're revolting,Insult
You're embarrassing,Insult
You're despicable,Insult
You're repulsive,Insult
You're dirty,Insult
You're vile,Insult
You're an idiot,Insult
You're disgusting,Insult
You're trash,Insult
You're vile,Insult
You're terrible,Insult
You're beneath everyone,Insult
You're a failure,Insult
You're incompetent,Insult
You're ugly,Insult
You're awful,Insult
You're trash,Insult
You're weak,Insult
You're an idiot,Insult
You're skinny,Insult
You're repulsive,Insult
You're pond scum,Insult
You're revolting,Insult
You're disgusting,Insult
You're stupid,Insult
You're weak,Insult
You're worthless,Insult
You're weak,Insult
You're ashamed,Insult
You're pond scum,Insult
You're useless,Insult
You're stupid,Insult
You're skinny,Insult
You're ugly,Insult
You're fat,Insult
You're a failure,Insult
You're weak,Insult
You're vile,Insult
You're embarrassing,Insult
You're vile,Insult
You're vile,Insult
You're repulsive,Insult
You're embarrassing,Insult
You're repulsive,Insult
You're awful,Insult
You're awful,Insult
You're ashamed,Insult
You're worthless,Insult
You're embarrassing,Insult
You're despicable,Insult
You're despicable,Insult
You're terrible,Insult
You're a failure,Insult
You're skinny,Insult
You're filthy,Insult
You're pathetic,Insult
You're stupid,Insult
You're an idiot,Insult
You're a freak,Insult
You're garbage,Insult
You're ugly,Insult
You're worthless,Insult
You're disgusting,Insult
You're ashamed,Insult
You're garbage,Insult
You're repulsive,Insult
You're a freak,Insult
You're worthless scum,Insult
You're filthy,Insult
You're dirty,Insult
You're an idiot,Insult
You're a joke,Insult
You're embarrassing,Insult
You're disgusting,Insult
You're pathetic,Insult
You're a joke,Insult
You're skinny,Insult
You're pond scum,Insult
You're stupid,Insult
You're terrible,Insult
You're incompetent,Insult
You're stupid,Insult
You're worthless,Insult
You're a freak,Insult
You're skinny,Insult
You're a loser,Insult
You're terrible,Insult
You're useless,Insult
You're worthless scum,Insult
You're garbage,Insult
You're a joke,Insult
You're a joke,Insult
You're garbage,Insult
You're dirty,Insult
You're awful,Insult
You're embarrassing,Insult
You're horrible,Insult
You're dumb,Insult
You're terrible,Insult
You're vile,Insult
You're skinny,Insult
You're a freak,Insult
You're repulsive,Insult
You're a freak,Insult
You're dirty,Insult
You're beneath everyone,Insult
You're beneath everyone,Insult
You're filthy,Insult
You're filthy,Insult
You're disgusting,Insult
You're an idiot,Insult
You're an idiot,Insult
You're stupid,Insult
You're revolting,Insult
You're terrible,Insult
You're incompetent,Insult
You're dumb,Insult
You're a failure,Insult
You're dirty,Insult
You're beneath everyone,Insult
You're trash,Insult
You're vile,Insult
You're stupid,Insult
You're repulsive,Insult
You're skinny,Insult
You're garbage,Insult
You're disgusting,Insult
You're awful,Insult
You're disgusting,Insult
You're useless,Insult
You're beneath everyone,Insult
You're weak,Insult
You're vile,Insult
You're ugly,Insult
You're a loser,Insult
You're dirty,Insult
You're ashamed,Insult
You're disgusting,Insult
You're a joke,Insult
You're skinny,Insult
You're fat,Insult
You're disgusting,Insult
You're filthy,Insult
You're terrible,Insult
You're worthless scum,Insult
You're a joke,Insult
You're an idiot,Insult
You're a loser,Insult
You're pond scum,Insult
You're a joke,Insult
You're trash,Insult
You're skinny,Insult
You're worthless scum,Insult
You're awful,Insult
You're awful,Insult
You're worthless scum,Insult
You're vile,Insult
You're repulsive,Insult
You're worthless scum,Insult
You're pond scum,Insult
You're horrible,Insult
You're repulsive,Insult
You're vile,Insult
You're an idiot,Insult
You're stupid,Insult
You're a loser,Insult
You're skinny,Insult
You're pathetic,Insult
You're weak,Insult
You're pond scum,Insult
You're stupid,Insult
You're beneath everyone,Insult
You're fat,Insult
You're ashamed,Insult
You're revolting,Insult
You're useless,Insult
You're dirty,Insult
You're revolting,Insult
You're a freak,Insult
You're trash,Insult
You're dumb,Insult
You're incompetent,Insult
You're a loser,Insult
You're fat,Insult
You're awful,Insult
You're revolting,Insult
You're ugly,Insult
You're despicable,Insult
You're beneath everyone,Insult
You're skinny,Insult
You're worthless,Insult
You're repulsive,Insult
You're trash,Insult
You're a joke,Insult
You're a joke,Insult
You're garbage,Insult
You're terrible,Insult
You're an idiot,Insult
You're a failure,Insult
You're useless,Insult
You're an idiot,Insult
You're dumb,Insult
You're stupid,Insult
You're fat,Insult
You're weak,Insult
You're horrible,Insult
You're worthless,Insult
You're trash,Insult
You're beneath everyone,Insult
You're despicable,Insult
You're horrible,Insult
You're despicable,Insult
You're pathetic,Insult
You're repulsive,Insult
You're worthless scum,Insult
You're useless,Insult
You're useless,Insult
You're stupid,Insult
You're a freak,Insult
You're vile,Insult
You're incompetent,Insult
You're despicable,Insult
You're skinny,Insult
You're skinny,Insult
You're beneath everyone,Insult
You're revolting,Insult
You're repulsive,Insult
You're ashamed,Insult
You're incompetent,Insult
You're ashamed,Insult
You're despicable,Insult
You're vile,Insult
You're embarrassing,Insult
You're ugly,Insult
You're terrible,Insult
You're ashamed,Insult
You're weak,Insult
You're fat,Insult
You're garbage,Insult
You're revolting,Insult
You're ashamed,Insult
You're filthy,Insult
You're weak,Insult
You're worthless scum,Insult
You're repulsive,Insult
You're pathetic,Insult
You're garbage,Insult
You're a loser,Insult
You're useless,Insult
You're skinny,Insult
You're skinny,Insult
You're disgusting,Insult
You're embarrassing,Insult
You're a failure,Insult
You're pond scum,Insult
You're weak,Insult
You're filthy,Insult
You're revolting,Insult
You're filthy,Insult
You're filthy,Insult
You're pathetic,Insult
You're a joke,Insult
You're despicable,Insult
You're stupid,Insult
You're trash,Insult
You're vile,Insult
You're awful,Insult
You're worthless scum,Insult
You're garbage,Insult
You're garbage,Insult
You're ugly,Insult
You're skinny,Insult
You're worthless scum,Insult
You're trash,Insult
You're an idiot,Insult
You're terrible,Insult
You're despicable,Insult
You're skinny,Insult
You're useless,Insult
You're a loser,Insult
You're disgusting,Insult
You're pathetic,Insult
You're despicable,Insult
You're stupid,Insult
You're a freak,Insult
You're beneath everyone,Insult
You're filthy,Insult
You're vile,Insult
You're worthless,Insult
You're ashamed,Insult
You're horrible,Insult
You're ugly,Insult
You're ugly,Insult
You're a freak,Insult
You're pathetic,Insult
You're horrible,Insult
You're trash,Insult
You're awful,Insult
You're ashamed,Insult
You're trash,Insult
You're revolting,Insult
You're pathetic,Insult
You're incompetent,Insult
You're fat,Insult
You're trash,Insult
You're pathetic,Insult
You're disgusting,Insult
You're worthless,Insult
You're dirty,Insult
You're ugly,Insult
You're incompetent,Insult
You're trash,Insult
You're a failure,Insult
You're a loser,Insult
You're an idiot,Insult
You're a joke,Insult
You're fat,Insult
You're fat,Insult
You're repulsive,Insult
You're skinny,Insult
You're beneath everyone,Insult
You're filthy,Insult
You're weak,Insult
You're fat,Insult
You're filthy,Insult
You're pathetic,Insult
You're terrible,Insult
You're worthless,Insult
You're skinny,Insult
You're fat,Insult
You're weak,Insult
You're filthy,Insult
You're ugly,Insult
You're filthy,Insult
You're trash,Insult
You're trash,Insult
You're terrible,Insult
You're despicable,Insult
You're skinny,Insult
You're vile,Insult
You're awful,Insult
You're skinny,Insult
You're dirty,Insult
You're useless,Insult
You're ashamed,Insult
You're pond scum,Insult
You're trash,Insult
You're ugly,Insult
You're garbage,Insult
You're a joke,Insult
You're embarrassing,Insult
You're skinny,Insult
You're filthy,Insult
You're trash,Insult
You're incompetent,Insult
You're terrible,Insult
You're a failure,Insult
You're incompetent,Insult
You're worthless,Insult
You're ashamed,Insult
You're a joke,Insult
You're incompetent,Insult
You're a loser,Insult
You're skinny,Insult
You're a loser,Insult
You're dumb,Insult
You're a failure,Insult
You're garbage,Insult
You're stupid,Insult
You're terrible,Insult
You're incompetent,Insult
You're disgusting,Insult
You're an idiot,Insult
You're skinny,Insult
You're awful,Insult
You're worthless scum,Insult
You're pathetic,Insult
You're stupid,Insult
You're fat,Insult
You're weak,Insult
You're embarrassing,Insult
You're dirty,Insult
You're worthless,Insult
You're skinny,Insult
You're despicable,Insult
You're incompetent,Insult
You're awful,Insult
You're pond scum,Insult
You're vile,Insult
You're filthy,Insult
You're pathetic,Insult
You're beneath everyone,Insult
You're ashamed,Insult
You're an idiot,Insult
You're ashamed,Insult
You're stupid,Insult
You're skinny,Insult
You're weak,Insult
You're repulsive,Insult
You're a failure,Insult
You're weak,Insult
You're skinny,Insult
You're worthless,Insult
You're dirty,Insult
You're useless,Insult
You're a loser,Insult
You're stupid,Insult
You're incompetent,Insult
You're revolting,Insult
You're worthless,Insult
You're garbage,Insult
You're horrible,Insult
You're ashamed,Insult
You're worthless scum,Insult
You're skinny,Insult
You're dumb,Insult
You're incompetent,Insult
You're pond scum,Insult
You're a loser,Insult
You're revolting,Insult
You're trash,Insult
You're dirty,Insult
You're despicable,Insult
You're vile,Insult
You're garbage,Insult
You're useless,Insult
You're filthy,Insult
You're horrible,Insult
You're an idiot,Insult
You're awful,Insult
You're trash,Insult
You're revolting,Insult
You're a failure,Insult
You're ugly,Insult
You're skinny,Insult
You're trash,Insult
You're ugly,Insult
You're useless,Insult
You're pathetic,Insult
You're vile,Insult
You're worthless scum,Insult
You're useless,Insult
You're useless,Insult
You're useless,Insult
You're ashamed,Insult
You're vile,Insult
You're stupid,Insult
You're stupid,Insult
You're dirty,Insult
You're filthy,Insult
You're fat,Insult
You're a failure,Insult
You're trash,Insult
You're trash,Insult
You're trash,Insult
You're dirty,Insult
You're skinny,Insult
You're a joke,Insult
You're revolting,Insult
You're worthless,Insult
You're horrible,Insult
You're awful,Insult
You're worthless,Insult
You're a loser,Insult
You're incompetent,Insult
You're repulsive,Insult
You're vile,Insult
You're ugly,Insult
You're garbage,Insult
You're skinny,Insult
You're ashamed,Insult
You're skinny,Insult
You're vile,Insult
You're a failure,Insult
You're worthless,Insult
You're a loser,Insult
You're horrible,Insult
You're dirty,Insult
You're stupid,Insult
You're terrible,Insult
You're ashamed,Insult
You're stupid,Insult
You're terrible,Insult
You're a freak,Insult
You're pathetic,Insult
You're vile,Insult
You're weak,Insult
You're terrible,Insult
You're stupid,Insult
You're revolting,Insult
You're skinny,Insult
You're trash,Insult
You're repulsive,Insult
You're stupid,Insult
You're beneath everyone,Insult
You're garbage,Insult
You're a loser,Insult
You're embarrassing,Insult
You're a joke,Insult
You're fat,Insult
You're an idiot,Insult
You're fat,Insult
You're pond scum,Insult
You're despicable,Insult
You're horrible,Insult
You're embarrassing,Insult
You're pond scum,Insult
You're garbage,Insult
You're revolting,Insult
You're disgusting,Insult
You're useless,Insult
You're filthy,Insult
You're filthy,Insult
You're dumb,Insult
You're a loser,Insult
You're a loser,Insult
You're ugly,Insult
You're disgusting,Insult
You're trash,Insult
You're vile,Insult
You're a failure,Insult
You're a loser,Insult
You're fat,Insult
You're a freak,Insult
You're horrible,Insult
You're stupid,Insult
You're worthless scum,Insult
You're stupid,Insult
You're incompetent,Insult
You're horrible,Insult
You're dumb,Insult
You're useless,Insult
You're embarrassing,Insult
You're a loser,Insult
You're skinny,Insult
You're embarrassing,Insult
You're awful,Insult
You're an idiot,Insult
You're embarrassing,Insult
You're a freak,Insult
You're repulsive,Insult
You're a joke,Insult
You're weak,Insult
You're revolting,Insult
You're despicable,Insult
You're an idiot,Insult
You're incompetent,Insult
You're a loser,Insult
You're awful,Insult
You're a joke,Insult
You're a joke,Insult
You're disgusting,Insult
You're useless,Insult
You're pond scum,Insult
You're despicable,Insult
You're awful,Insult
You're stupid,Insult
You're terrible,Insult
You're an idiot,Insult
You're dumb,Insult
You're beneath everyone,Insult
You're beneath everyone,Insult
You're worthless,Insult
You're dirty,Insult
You're pond scum,Insult
You're despicable,Insult
You're garbage,Insult
You're worthless,Insult
You're pond scum,Insult
You're awful,Insult
You're skinny,Insult
You're a joke,Insult
You're ashamed,Insult
You're dirty,Insult
You're trash,Insult
You're worthless,Insult
You're dumb,Insult
You're worthless,Insult
You're trash,Insult
You're vile,Insult
You're fat,Insult
You're repulsive,Insult
You're despicable,Insult
You're a joke,Insult
You're stupid,Insult
You're incompetent,Insult
You're despicable,Insult
You're garbage,Insult
You're terrible,Insult
You're a failure,Insult
You're worthless scum,Insult
You're a loser,Insult
You're awful,Insult
You're filthy,Insult
You're dumb,Insult
You're awful,Insult
You're awful,Insult
You're a failure,Insult
You're dirty,Insult
You're dirty,Insult
You're embarrassing,Insult
You're useless,Insult
You're a failure,Insult
You're a joke,Insult
You're stupid,Insult
You're incompetent,Insult
You're vile,Insult
You're fat,Insult
You're embarrassing,Insult
You're filthy,Insult
You're trash,Insult
You're beneath everyone,Insult
You're worthless scum,Insult
You're a loser,Insult
You're terrible,Insult
You're vile,Insult
You're trash,Insult
You're dirty,Insult
You're beneath everyone,Insult
You're dirty,Insult
You're trash,Insult
You're awful,Insult
You're worthless,Insult
You're incompetent,Insult
You're awful,Insult
You're vile,Insult
You're skinny,Insult
You're despicable,Insult
You're filthy,Insult
You're beneath everyone,Insult
You're dirty,Insult
You're disgusting,Insult
You're a joke,Insult
You're fat,Insult
You're worthless scum,Insult
You're trash,Insult
You're horrible,Insult
You're horrible,Insult
You're weak,Insult
You're weak,Insult
You're beneath everyone,Insult
You're filthy,Insult
You're a freak,Insult
You're incompetent,Insult
You're worthless,Insult
You're a loser,Insult
You're revolting,Insult
You're filthy,Insult
You're a joke,Insult
You're useless,Insult
You're vile,Insult
You're stupid,Insult
You're terrible,Insult
You're awful,Insult
You're worthless scum,Insult
You're trash,Insult
You're horrible,Insult
You're incompetent,Insult
You're useless,Insult
You're pond scum,Insult
You're worthless,Insult
You're worthless scum,Insult
You're garbage,Insult
You're revolting,Insult
You're useless,Insult
You're incompetent,Insult
You're fat,Insult
You're skinny,Insult
You're beneath everyone,Insult
You're worthless scum,Insult
You're an idiot,Insult
You're stupid,Insult
You're horrible,Insult
You're skinny,Insult
You're fat,Insult
You're useless,Insult
You're ugly,Insult
You're stupid,Insult
You're trash,Insult
You're useless,Insult
You're revolting,Insult
You're despicable,Insult
You're beneath everyone,Insult
You're filthy,Insult
You're revolting,Insult
You're repulsive,Insult
You're a failure,Insult
You're filthy,Insult
You're worthless scum,Insult
You're fat,Insult
You're skinny,Insult
You're pond scum,Insult
You're stupid,Insult
You're useless,Insult
You're an idiot,Insult
You're dumb,Insult
You're horrible,Insult
You're trash,Insult
You're fat,Insult
You're garbage,Insult
You're vile,Insult
You're dirty,Insult
You're trash,Insult
You're terrible,Insult
You're garbage,Insult
You're worthless scum,Insult
You're worthless scum,Insult
You're dirty,Insult
You're an idiot,Insult
You're a joke,Insult
You're dumb,Insult
You're weak,Insult
You're despicable,Insult
You're pond scum,Insult
You're repulsive,Insult
You're vile,Insult
You're revolting,Insult
You're a joke,Insult
You're pathetic,Insult
You're stupid,Insult
You're embarrassing,Insult
You're horrible,Insult
You're worthless scum,Insult
You're pathetic,Insult
You're repulsive,Insult
You're dirty,Insult
You're worthless scum,Insult
You're disgusting,Insult
You're dirty,Insult
You're ugly,Insult
You're filthy,Insult
You're ashamed,Insult
You're weak,Insult
You're beneath everyone,Insult
You're ashamed,Insult
You're skinny,Insult
You're revolting,Insult
You're beneath everyone,Insult
You're a loser,Insult
You're a loser,Insult
You're a freak,Insult
You're filthy,Insult
You're trash,Insult
You're useless,Insult
You're vile,Insult
You're stupid,Insult
You're trash,Insult
You're a loser,Insult
You're repulsive,Insult
You're an idiot,Insult
You're weak,Insult
You're incompetent,Insult
You're terrible,Insult
You're pond scum,Insult
You're a freak,Insult
You're weak,Insult
You're an idiot,Insult
You're worthless,Insult
You're fat,Insult
You're fat,Insult
You're embarrassing,Insult
You're a loser,Insult
You're dirty,Insult
You're a loser,Insult
You're repulsive,Insult
You're embarrassing,Insult
You're useless,Insult
You're trash,Insult
You're a failure,Insult
You're pathetic,Insult
You're ashamed,Insult
You're dirty,Insult
You're horrible,Insult
You're horrible,Insult
You're a failure,Insult
You're useless,Insult
You're terrible,Insult
You're awful,Insult
You're incompetent,Insult
You're vile,Insult
You're a joke,Insult
You're repulsive,Insult
You're incompetent,Insult
You're useless,Insult
You're pond scum,Insult
You're ashamed,Insult
You're garbage,Insult
You're stupid,Insult
You're disgusting,Insult
You're beneath everyone,Insult
You're useless,Insult
You're useless,Insult
You're an idiot,Insult
You're disgusting,Insult
You're ugly,Insult
You're a joke,Insult
You're stupid,Insult
You're vile,Insult
You're stupid,Insult
You're awful,Insult
You're ashamed,Insult
You're a failure,Insult
You're useless,Insult
You're repulsive,Insult
You're garbage,Insult
You're garbage,Insult
You're ugly,Insult
You're filthy,Insult
You're awful,Insult
You're skinny,Insult
You're a joke,Insult
You're useless,Insult
You're horrible,Insult
You're ashamed,Insult
You're garbage,Insult
You're repulsive,Insult
You're beneath everyone,Insult
You're stupid,Insult
You're beneath everyone,Insult
You're incompetent,Insult
You're garbage,Insult
You're skinny,Insult
You're garbage,Insult
You're pathetic,Insult
You're worthless,Insult
You're a loser,Insult
You're filthy,Insult
You're filthy,Insult
You're despicable,Insult
You're a loser,Insult
You're a freak,Insult
You're worthless,Insult
You're pond scum,Insult
You're skinny,Insult
You're filthy,Insult
You're a failure,Insult
You're weak,Insult
You're skinny,Insult
You're stupid,Insult
You're a joke,Insult
You're worthless,Insult
You're fat,Insult
You're stupid,Insult
You're horrible,Insult
You're beneath everyone,Insult
You're pathetic,Insult
You're worthless,Insult
You're awful,Insult
You're revolting,Insult
You're pond scum,Insult
You're disgusting,Insult
You're ashamed,Insult
You're garbage,Insult
You're skinny,Insult
You're trash,Insult
You're vile,Insult
You're garbage,Insult
You're useless,Insult
You're filthy,Insult
You're terrible,Insult
You're an idiot,Insult
You're disgusting,Insult
You're despicable,Insult
You're an idiot,Insult
You're incompetent,Insult
You're a failure,Insult
You're a failure,Insult
You're a failure,Insult
You're pond scum,Insult
You're awful,Insult
You're incompetent,Insult
You're worthless,Insult
You're despicable,Insult
You're beneath everyone,Insult
You're worthless scum,Insult
You're a failure,Insult
You're trash,Insult
You're a failure,Insult
You're incompetent,Insult
You're pathetic,Insult
You're fat,Insult
You're pathetic,Insult
You're pathetic,Insult
You're an idiot,Insult
You're terrible,Insult
You're garbage,Insult
You're weak,Insult
You're stupid,Insult
You're ashamed,Insult
You're useless,Insult
You're fat,Insult
You're useless,Insult
You're beneath everyone,Insult
You're stupid,Insult
You're despicable,Insult
You're incompetent,Insult
You're garbage,Insult
You're trash,Insult
You're filthy,Insult
You're useless,Insult
You're weak,Insult
You're revolting,Insult
You're fat,Insult
You're fat,Insult
You're a joke,Insult
You're weak,Insult
You're filthy,Insult
You're skinny,Insult
You're useless,Insult
You're skinny,Insult
You're a failure,Insult
You're horrible,Insult
You're repulsive,Insult
You're disgusting,Insult
You're a loser,Insult
You're dumb,Insult
You're worthless scum,Insult
You're an idiot,Insult
You're an idiot,Insult
You're incompetent,Insult
You're pathetic,Insult
You're trash,Insult
You're a loser,Insult
You're worthless,Insult
You're worthless scum,Insult
You're skinny,Insult
You're a failure,Insult
You're repulsive,Insult
You're dumb,Insult
You're embarrassing,Insult
You're an idiot,Insult
You're dumb,Insult
You're worthless scum,Insult
You're terrible,Insult
You're repulsive,Insult
You're ashamed,Insult
You're revolting,Insult
You're worthless,Insult
You're worthless scum,Insult
You're fat,Insult
You're embarrassing,Insult
You're terrible,Insult
You're a loser,Insult
You're a freak,Insult
You're ashamed,Insult
You're beneath everyone,Insult
You're worthless scum,Insult
You're worthless scum,Insult
You're vile,Insult
You're disgusting,Insult
You're a joke,Insult
You're ashamed,Insult
You're horrible,Insult
You're incompetent,Insult
You're dirty,Insult
You're ugly,Insult
You're a failure,Insult
You're trash,Insult
You're a freak,Insult
You're fat,Insult
You're pond scum,Insult
You're useless,Insult
You're garbage,Insult
You're skinny,Insult
You're terrible,Insult
You're garbage,Insult
You're worthless,Insult
You're vile,Insult
You're horrible,Insult
You're disgusting,Insult
You're despicable,Insult
You're pond scum,Insult
You're horrible,Insult
You're terrible,Insult
You're garbage,Insult
You're repulsive,Insult
You're dirty,Insult
You're worthless scum,Insult
You're dirty,Insult
You're a freak,Insult
You're incompetent,Insult
You're useless,Insult
You're ashamed,Insult
You're worthless scum,Insult
You're pathetic,Insult
You're terrible,Insult
You're ugly,Insult
You're ashamed,Insult
You're trash,Insult
You're vile,Insult
You're trash,Insult
You're a loser,Insult
You're ugly,Insult
You're filthy,Insult
You're revolting,Insult
You're garbage,Insult
You're pond scum,Insult
You're ashamed,Insult
You're a failure,Insult
You're trash,Insult
You're a loser,Insult
You're revolting,Insult
You're disgusting,Insult
You're worthless,Insult
You're trash,Insult
You're incompetent,Insult
You're awful,Insult
You're despicable,Insult
You're ashamed,Insult
You're worthless scum,Insult
You're pathetic,Insult
You're embarrassing,Insult
You're repulsive,Insult
You're pond scum,Insult
You're revolting,Insult
You're a loser,Insult
You're revolting,Insult
You're filthy,Insult
You're pathetic,Insult
You're skinny,Insult
You're disgusting,Insult
You're a loser,Insult
You're horrible,Insult
You're an idiot,Insult
You're worthless scum,Insult
You're garbage,Insult
You're stupid,Insult
You're despicable,Insult
You're awful,Insult
You're fat,Insult
You're revolting,Insult
You're filthy,Insult
You're dumb,Insult
You're dumb,Insult
You're horrible,Insult
You're embarrassing,Insult
You're horrible,Insult
You're vile,Insult
You're worthless scum,Insult
You're fat,Insult
You're a freak,Insult
You're repulsive,Insult
You're dirty,Insult
You're a joke,Insult
You're fat,Insult
You're incompetent,Insult
You're worthless,Insult
You're fat,Insult
You're awful,Insult
You're stupid,Insult
You're repulsive,Insult
You're a joke,Insult
You're dirty,Insult
You're worthless scum,Insult
You're a loser,Insult
You're weak,Insult
You're ugly,Insult
You're pond scum,Insult
You're skinny,Insult
You're a failure,Insult
You're stupid,Insult
You're ashamed,Insult
You're vile,Insult
You're fat,Insult
You're worthless scum,Insult
You're awful,Insult
You're horrible,Insult
You're awful,Insult
You're terrible,Insult
You're worthless scum,Insult
You're trash,Insult
You're ashamed,Insult
You're dumb,Insult
You're skinny,Insult
You're vile,Insult
You're embarrassing,Insult
You're pathetic,Insult
You're fat,Insult
You're vile,Insult
You're despicable,Insult
You're weak,Insult
You're awful,Insult
You're vile,Insult
You're an idiot,Insult
You're terrible,Insult
You're pond scum,Insult
You're ugly,Insult
You're repulsive,Insult
You're worthless scum,Insult
You're skinny,Insult
You're worthless,Insult
You're weak,Insult
You're dirty,Insult
You're repulsive,Insult
You're despicable,Insult
You're ashamed,Insult
You're terrible,Insult
You're a loser,Insult
You're dumb,Insult
You're pond scum,Insult
You're a loser,Insult
You're revolting,Insult
You're a freak,Insult
You're filthy,Insult
You're beneath everyone,Insult
You're embarrassing,Insult
You're a freak,Insult
You're beneath everyone,Insult
You're filthy,Insult
You're dumb,Insult
You're a failure,Insult
You're pathetic,Insult
You're pathetic,Insult
You're worthless scum,Insult
You're filthy,Insult
You're dumb,Insult
You're a joke,Insult
You're an idiot,Insult
You're worthless scum,Insult
You're vile,Insult
You're worthless scum,Insult
You're a loser,Insult
You're a joke,Insult
You're worthless,Insult
You're an idiot,Insult
You're revolting,Insult
You're a joke,Insult
You're incompetent,Insult
You're pathetic,Insult
You're skinny,Insult
You're despicable,Insult
You're dirty,Insult
You're beneath everyone,Insult
You're disgusting,Insult
You're pathetic,Insult
You're trash,Insult
You're embarrassing,Insult
You're a failure,Insult
You're skinny,Insult
You're terrible,Insult
You're trash,Insult
You're weak,Insult
You're stupid,Insult
You're awful,Insult
You're a failure,Insult
You're vile,Insult
You're dirty,Insult
You're repulsive,Insult
You're useless,Insult
You're trash,Insult
You're vile,Insult
You're repulsive,Insult
You're stupid,Insult
You're beneath everyone,Insult
You're beneath everyone,Insult
You're skinny,Insult
You're horrible,Insult
You're pathetic,Insult
You're worthless scum,Insult
You're skinny,Insult
You're dumb,Insult
You're embarrassing,Insult
You're stupid,Insult
You're repulsive,Insult
You're dumb,Insult
You're terrible,Insult
You're repulsive,Insult
You're dumb,Insult
You're dirty,Insult
You're a failure,Insult
You're repulsive,Insult
You're stupid,Insult
You're pond scum,Insult
You're useless,Insult
You're a freak,Insult
You're despicable,Insult
You're skinny,Insult
You're dirty,Insult
You're fat,Insult
You're a failure,Insult
You're stupid,Insult
You're filthy,Insult
You're useless,Insult
You're terrible,Insult
You're ashamed,Insult
You're disgusting,Insult
You're garbage,Insult
You're beneath everyone,Insult
You're a loser,Insult
You're terrible,Insult
You're garbage,Insult
You're horrible,Insult
You're awful,Insult
You're worthless,Insult
You're filthy,Insult
You're repulsive,Insult
You're dirty,Insult
You're filthy,Insult
You're vile,Insult
You're incompetent,Insult
You're filthy,Insult
You're repulsive,Insult
You're a loser,Insult
You're terrible,Insult
You're worthless,Insult
You're garbage,Insult
You're trash,Insult
You're terrible,Insult
You're stupid,Insult
You're dirty,Insult
They reject you,Harassment
They reject you,Harassment
They all mock you,Harassment
You're alone,Harassment
Nobody respects you,Harassment
Nobody cares about you,Harassment
Nobody respects you,Harassment
You have no friends,Harassment
They talk behind your back,Harassment
Everyone hates you,Harassment
Nobody respects you,Harassment
They laugh at you,Harassment
Everyone thinks you're bad,Harassment
Everyone thinks you're bad,Harassment
Everyone avoids you,Harassment
You're alone,Harassment
Nobody likes you,Harassment
Everyone avoids you,Harassment
People whisper about you,Harassment
They laugh at you,Harassment
Nobody respects you,Harassment
People whisper about you,Harassment
You have no friends,Harassment
You have no friends,Harassment
They all mock you,Harassment
Nobody respects you,Harassment
Everyone despises you,Harassment
People whisper about you,Harassment
Everyone despises you,Harassment
You're alone,Harassment
They laugh at you,Harassment
Nobody likes you,Harassment
They reject you,Harassment
Nobody trusts you,Harassment
Nobody believes in you,Harassment
Everyone thinks you're bad,Harassment
Everyone hates you,Harassment
Everyone hates you,Harassment
Everyone avoids you,Harassment
You're alone,Harassment
They laugh at you,Harassment
Nobody likes you,Harassment
They all mock you,Harassment
They laugh at you,Harassment
Everyone despises you,Harassment
Nobody likes you,Harassment
Nobody respects you,Harassment
Everyone thinks you're bad,Harassment
You're alone,Harassment
Everyone avoids you,Harassment
Everyone avoids you,Harassment
They all hate you,Harassment
Nobody likes you,Harassment
They all hate you,Harassment
They all hate you,Harassment
They all hate you,Harassment
They talk behind your back,Harassment
Everyone hates you,Harassment
Nobody respects you,Harassment
Nobody respects you,Harassment
Nobody trusts you,Harassment
Nobody cares about you,Harassment
You're alone,Harassment
They all mock you,Harassment
They reject you,Harassment
You're alone,Harassment
Everyone avoids you,Harassment
Nobody believes in you,Harassment
Everyone despises you,Harassment
Everyone avoids you,Harassment
They talk behind your back,Harassment
You have no friends,Harassment
They reject you,Harassment
Everyone hates you,Harassment
They talk behind your back,Harassment
They all mock you,Harassment
Everyone thinks you're bad,Harassment
Nobody wants you,Harassment
They laugh at you,Harassment
They all hate you,Harassment
You're unwanted,Harassment
People whisper about you,Harassment
They all hate you,Harassment
Everyone avoids you,Harassment
People whisper about you,Harassment
Everyone thinks you're bad,Harassment
Nobody cares about you,Harassment
Everyone thinks you're bad,Harassment
Nobody trusts you,Harassment
You're alone,Harassment
They all mock you,Harassment
You're alone,Harassment
You're unwanted,Harassment
Nobody respects you,Harassment
They all hate you,Harassment
You have no friends,Harassment
Everyone thinks you're bad,Harassment
They all mock you,Harassment
Everyone hates you,Harassment
They all mock you,Harassment
You have no friends,Harassment
You have no friends,Harassment
Everyone thinks you're bad,Harassment
Everyone hates you,Harassment
They laugh at you,Harassment
They all mock you,Harassment
Everyone despises you,Harassment
They laugh at you,Harassment
They talk behind your back,Harassment
Nobody cares about you,Harassment
They reject you,Harassment
Nobody wants you,Harassment
They all mock you,Harassment
They laugh at you,Harassment
They reject you,Harassment
They talk behind your back,Harassment
Nobody wants you,Harassment
They all mock you,Harassment
You're alone,Harassment
Nobody respects you,Harassment
Nobody respects you,Harassment
Everyone hates you,Harassment
Nobody trusts you,Harassment
They laugh at you,Harassment
They reject you,Harassment
Nobody cares about you,Harassment
They all mock you,Harassment
Nobody trusts you,Harassment
Everyone hates you,Harassment
Everyone avoids you,Harassment
They laugh at you,Harassment
Nobody wants you,Harassment
They laugh at you,Harassment
You're unwanted,Harassment
Everyone despises you,Harassment
Everyone despises you,Harassment
You have no friends,Harassment
They laugh at you,Harassment
You're unwanted,Harassment
Everyone hates you,Harassment
They reject you,Harassment
Everyone despises you,Harassment
Everyone thinks you're bad,Harassment
Nobody respects you,Harassment
People whisper about you,Harassment
Nobody trusts you,Harassment
Everyone avoids you,Harassment
They laugh at you,Harassment
Everyone hates you,Harassment
They reject you,Harassment
They all hate you,Harassment
Nobody wants you,Harassment
People whisper about you,Harassment
They talk behind your back,Harassment
Nobody respects you,Harassment
You're unwanted,Harassment
Nobody wants you,Harassment
You have no friends,Harassment
Nobody trusts you,Harassment
You're unwanted,Harassment
Everyone thinks you're bad,Harassment
They all hate you,Harassment
Nobody likes you,Harassment
Nobody likes you,Harassment
Nobody likes you,Harassment
Nobody wants you,Harassment
They all mock you,Harassment
You're alone,Harassment
You're unwanted,Harassment
Everyone despises you,Harassment
They all hate you,Harassment
They all mock you,Harassment
Everyone thinks you're bad,Harassment
They all hate you,Harassment
Nobody trusts you,Harassment
People whisper about you,Harassment
They all hate you,Harassment
They all hate you,Harassment
Nobody cares about you,Harassment
Nobody trusts you,Harassment
They talk behind your back,Harassment
They all mock you,Harassment
Everyone avoids you,Harassment
You have no friends,Harassment
Nobody respects you,Harassment
Nobody cares about you,Harassment
People whisper about you,Harassment
They talk behind your back,Harassment
Nobody trusts you,Harassment
Nobody cares about you,Harassment
They all hate you,Harassment
Nobody wants you,Harassment
You have no friends,Harassment
They talk behind your back,Harassment
Nobody wants you,Harassment
Everyone thinks you're bad,Harassment
You're unwanted,Harassment
Nobody respects you,Harassment
People whisper about you,Harassment
They reject you,Harassment
People whisper about you,Harassment
People whisper about you,Harassment
Nobody likes you,Harassment
Everyone avoids you,Harassment
Everyone avoids you,Harassment
Nobody likes you,Harassment
Nobody respects you,Harassment
People whisper about you,Harassment
Nobody believes in you,Harassment
Nobody respects you,Harassment
Everyone avoids you,Harassment
Everyone hates you,Harassment
You're unwanted,Harassment
You're alone,Harassment
Everyone avoids you,Harassment
People whisper about you,Harassment
You have no friends,Harassment
Nobody cares about you,Harassment
Everyone despises you,Harassment
They all hate you,Harassment
They all hate you,Harassment
Everyone hates you,Harassment
Nobody wants you,Harassment
You're alone,Harassment
They laugh at you,Harassment
They all hate you,Harassment
Nobody believes in you,Harassment
Nobody trusts you,Harassment
Nobody trusts you,Harassment
Nobody believes in you,Harassment
People whisper about you,Harassment
Nobody likes you,Harassment
Nobody wants you,Harassment
They all hate you,Harassment
You're unwanted,Harassment
You're alone,Harassment
Everyone thinks you're bad,Harassment
Everyone hates you,Harassment
You're unwanted,Harassment
Nobody believes in you,Harassment
You're alone,Harassment
Everyone hates you,Harassment
Nobody wants you,Harassment
You're alone,Harassment
Nobody believes in you,Harassment
They reject you,Harassment
Everyone despises you,Harassment
Nobody likes you,Harassment
They talk behind your back,Harassment
Everyone hates you,Harassment
People whisper about you,Harassment
They all mock you,Harassment
Everyone thinks you're bad,Harassment
They all mock you,Harassment
They all mock you,Harassment
You're unwanted,Harassment
They laugh at you,Harassment
Nobody believes in you,Harassment
Everyone despises you,Harassment
Everyone hates you,Harassment
Nobody likes you,Harassment
They reject you,Harassment
People whisper about you,Harassment
Everyone thinks you're bad,Harassment
You're alone,Harassment
Nobody believes in you,Harassment
Everyone avoids you,Harassment
Nobody cares about you,Harassment
They all hate you,Harassment
They all hate you,Harassment
They laugh at you,Harassment
Nobody likes you,Harassment
They all hate you,Harassment
They laugh at you,Harassment
Everyone avoids you,Harassment
They laugh at you,Harassment
Nobody trusts you,Harassment
Everyone despises you,Harassment
Everyone avoids you,Harassment
They laugh at you,Harassment
Everyone hates you,Harassment
Everyone avoids you,Harassment
You have no friends,Harassment
They all hate you,Harassment
They all mock you,Harassment
Nobody respects you,Harassment
They talk behind your back,Harassment
They all hate you,Harassment
Nobody trusts you,Harassment
They reject you,Harassment
They laugh at you,Harassment
They reject you,Harassment
You have no friends,Harassment
Everyone hates you,Harassment
They all mock you,Harassment
Nobody likes you,Harassment
Nobody believes in you,Harassment
You're unwanted,Harassment
Everyone avoids you,Harassment
Everyone avoids you,Harassment
They laugh at you,Harassment
Nobody trusts you,Harassment
Nobody respects you,Harassment
Everyone avoids you,Harassment
Nobody believes in you,Harassment
Everyone despises you,Harassment
Everyone avoids you,Harassment
Everyone avoids you,Harassment
Nobody likes you,Harassment
Nobody respects you,Harassment
Nobody believes in you,Harassment
They laugh at you,Harassment
Nobody trusts you,Harassment
Everyone despises you,Harassment
Nobody cares about you,Harassment
They talk behind your back,Harassment
Nobody trusts you,Harassment
You're unwanted,Harassment
They all hate you,Harassment
Everyone avoids you,Harassment
Everyone despises you,Harassment
Nobody trusts you,Harassment
People whisper about you,Harassment
Nobody likes you,Harassment
Nobody cares about you,Harassment
Nobody believes in you,Harassment
Everyone avoids you,Harassment
You're unwanted,Harassment
They talk behind your back,Harassment
Nobody respects you,Harassment
They talk behind your back,Harassment
Nobody wants you,Harassment
Everyone hates you,Harassment
Everyone avoids you,Harassment
Nobody respects you,Harassment
Nobody likes you,Harassment
Everyone despises you,Harassment
You're unwanted,Harassment
Nobody cares about you,Harassment
Everyone despises you,Harassment
You have no friends,Harassment
You're unwanted,Harassment
Nobody trusts you,Harassment
People whisper about you,Harassment
You're alone,Harassment
Everyone despises you,Harassment
People whisper about you,Harassment
You have no friends,Harassment
You're unwanted,Harassment
Nobody believes in you,Harassment
Nobody cares about you,Harassment
Nobody likes you,Harassment
Nobody trusts you,Harassment
They all hate you,Harassment
They all mock you,Harassment
You have no friends,Harassment
You're alone,Harassment
Nobody trusts you,Harassment
Everyone avoids you,Harassment
Everyone avoids you,Harassment
You're alone,Harassment
Nobody respects you,Harassment
They reject you,Harassment
You're unwanted,Harassment
Everyone avoids you,Harassment
Everyone thinks you're bad,Harassment
They all hate you,Harassment
Nobody respects you,Harassment
They laugh at you,Harassment
They all hate you,Harassment
Everyone avoids you,Harassment
They all hate you,Harassment
Nobody trusts you,Harassment
Everyone thinks you're bad,Harassment
Nobody cares about you,Harassment
Everyone thinks you're bad,Harassment
They all mock you,Harassment
People whisper about you,Harassment
Everyone despises you,Harassment
They talk behind your back,Harassment
They laugh at you,Harassment
They laugh at you,Harassment
Nobody cares about you,Harassment
They reject you,Harassment
They laugh at you,Harassment
They all mock you,Harassment
Nobody cares about you,Harassment
Nobody believes in you,Harassment
They laugh at you,Harassment
Everyone despises you,Harassment
Everyone avoids you,Harassment
They talk behind your back,Harassment
Everyone hates you,Harassment
Nobody trusts you,Harassment
Nobody cares about you,Harassment
Nobody trusts you,Harassment
You have no friends,Harassment
Nobody cares about you,Harassment
They talk behind your back,Harassment
Nobody cares about you,Harassment
Nobody cares about you,Harassment
You have no friends,Harassment
You're unwanted,Harassment
You're unwanted,Harassment
They talk behind your back,Harassment
Nobody likes you,Harassment
You have no friends,Harassment
You have no friends,Harassment
They reject you,Harassment
They all mock you,Harassment
People whisper about you,Harassment
They all hate you,Harassment
Nobody believes in you,Harassment
You're alone,Harassment
They all hate you,Harassment
They all hate you,Harassment
You're unwanted,Harassment
Nobody wants you,Harassment
They all mock you,Harassment
You have no friends,Harassment
You have no friends,Harassment
They talk behind your back,Harassment
Nobody trusts you,Harassment
Everyone hates you,Harassment
You're unwanted,Harassment
Nobody respects you,Harassment
Everyone despises you,Harassment
You have no friends,Harassment
They talk behind your back,Harassment
Nobody believes in you,Harassment
They all mock you,Harassment
They all hate you,Harassment
They all mock you,Harassment
They all hate you,Harassment
Nobody likes you,Harassment
Everyone hates you,Harassment
Nobody likes you,Harassment
They all mock you,Harassment
Nobody respects you,Harassment
People whisper about you,Harassment
They laugh at you,Harassment
Everyone thinks you're bad,Harassment
Everyone thinks you're bad,Harassment
People whisper about you,Harassment
They laugh at you,Harassment
Everyone avoids you,Harassment
Nobody wants you,Harassment
They talk behind your back,Harassment
They all hate you,Harassment
Everyone hates you,Harassment
Everyone avoids you,Harassment
Everyone thinks you're bad,Harassment
Nobody likes you,Harassment
Everyone avoids you,Harassment
Everyone thinks you're bad,Harassment
You have no friends,Harassment
Nobody respects you,Harassment
Nobody likes you,Harassment
They talk behind your back,Harassment
You're alone,Harassment
Nobody likes you,Harassment
Everyone despises you,Harassment
They reject you,Harassment
People whisper about you,Harassment
People whisper about you,Harassment
Nobody wants you,Harassment
People whisper about you,Harassment
They laugh at you,Harassment
Everyone thinks you're bad,Harassment
Everyone hates you,Harassment
Everyone hates you,Harassment
Nobody trusts you,Harassment
They talk behind your back,Harassment
They all mock you,Harassment
Nobody wants you,Harassment
Nobody trusts you,Harassment
Everyone hates you,Harassment
Everyone avoids you,Harassment
They talk behind your back,Harassment
Everyone despises you,Harassment
Everyone avoids you,Harassment
They all mock you,Harassment
People whisper about you,Harassment
Nobody respects you,Harassment
People whisper about you,Harassment
They all hate you,Harassment
People whisper about you,Harassment
Nobody respects you,Harassment
Nobody cares about you,Harassment
Everyone thinks you're bad,Harassment
Everyone hates you,Harassment
Everyone thinks you're bad,Harassment
Everyone thinks you're bad,Harassment
They all mock you,Harassment
Everyone hates you,Harassment
They laugh at you,Harassment
Everyone despises you,Harassment
Nobody wants you,Harassment
Everyone despises you,Harassment
Nobody believes in you,Harassment
They talk behind your back,Harassment
Nobody wants you,Harassment
Everyone hates you,Harassment
Nobody trusts you,Harassment
They laugh at you,Harassment
Nobody trusts you,Harassment
Nobody wants you,Harassment
Nobody cares about you,Harassment
Nobody wants you,Harassment
Everyone hates you,Harassment
Nobody trusts you,Harassment
Nobody wants you,Harassment
Nobody believes in you,Harassment
Everyone despises you,Harassment
You're alone,Harassment
You have no friends,Harassment
Everyone thinks you're bad,Harassment
You have no friends,Harassment
Nobody likes you,Harassment
Everyone avoids you,Harassment
Nobody believes in you,Harassment
Everyone hates you,Harassment
Nobody respects you,Harassment
They laugh at you,Harassment
Everyone avoids you,Harassment
Nobody trusts you,Harassment
They reject you,Harassment
Everyone hates you,Harassment
Nobody cares about you,Harassment
Everyone avoids you,Harassment
They talk behind your back,Harassment
Everyone hates you,Harassment
Nobody cares about you,Harassment
They all hate you,Harassment
People whisper about you,Harassment
Everyone avoids you,Harassment
You have no friends,Harassment
Everyone thinks you're bad,Harassment
They reject you,Harassment
You're unwanted,Harassment
You're alone,Harassment
They talk behind your back,Harassment
They all hate you,Harassment
Nobody likes you,Harassment
Nobody believes in you,Harassment
People whisper about you,Harassment
You're unwanted,Harassment
They all mock you,Harassment
Nobody cares about you,Harassment
Everyone avoids you,Harassment
You're unwanted,Harassment
Everyone thinks you're bad,Harassment
Nobody wants you,Harassment
You have no friends,Harassment
Everyone avoids you,Harassment
You're unwanted,Harassment
They all mock you,Harassment
Everyone hates you,Harassment
They reject you,Harassment
They all mock you,Harassment
They reject you,Harassment
Everyone despises you,Harassment
You're unwanted,Harassment
People whisper about you,Harassment
People whisper about you,Harassment
Nobody wants you,Harassment
You have no friends,Harassment
Nobody wants you,Harassment
You're alone,Harassment
Everyone thinks you're bad,Harassment
Nobody wants you,Harassment
They talk behind your back,Harassment
Nobody likes you,Harassment
Everyone avoids you,Harassment
Nobody respects you,Harassment
They laugh at you,Harassment
Nobody likes you,Harassment
Nobody believes in you,Harassment
They all hate you,Harassment
You're alone,Harassment
You have no friends,Harassment
Nobody likes you,Harassment
Everyone avoids you,Harassment
Everyone avoids you,Harassment
Nobody cares about you,Harassment
They laugh at you,Harassment
Everyone thinks you're bad,Harassment
You're alone,Harassment
They all hate you,Harassment
You have no friends,Harassment
Nobody likes you,Harassment
They reject you,Harassment
Nobody wants you,Harassment
Nobody likes you,Harassment
You're alone,Harassment
You have no friends,Harassment
Everyone hates you,Harassment
Everyone thinks you're bad,Harassment
Nobody cares about you,Harassment
Nobody respects you,Harassment
Everyone despises you,Harassment
Everyone hates you,Harassment
Everyone avoids you,Harassment
They talk behind your back,Harassment
You're unwanted,Harassment
Nobody likes you,Harassment
Everyone despises you,Harassment
People whisper about you,Harassment
Everyone despises you,Harassment
Nobody likes you,Harassment
Nobody trusts you,Harassment
You're alone,Harassment
Nobody wants you,Harassment
They reject you,Harassment
You're unwanted,Harassment
They reject you,Harassment
They all mock you,Harassment
They all mock you,Harassment
Everyone avoids you,Harassment
Nobody believes in you,Harassment
Everyone despises you,Harassment
You're unwanted,Harassment
They talk behind your back,Harassment
Nobody trusts you,Harassment
You're alone,Harassment
Nobody respects you,Harassment
They reject you,Harassment
Nobody respects you,Harassment
Nobody believes in you,Harassment
Nobody wants you,Harassment
They reject you,Harassment
You have no friends,Harassment
You're alone,Harassment
They laugh at you,Harassment
Everyone thinks you're bad,Harassment
Nobody believes in you,Harassment
You're alone,Harassment
They all mock you,Harassment
They all mock you,Harassment
They talk behind your back,Harassment
You're alone,Harassment
You're alone,Harassment
They all hate you,Harassment
Everyone avoids you,Harassment
You're alone,Harassment
Nobody wants you,Harassment
Nobody trusts you,Harassment
They all hate you,Harassment
Everyone hates you,Harassment
Everyone hates you,Harassment
Nobody likes you,Harassment
Everyone thinks you're bad,Harassment
Nobody believes in you,Harassment
They all hate you,Harassment
Nobody cares about you,Harassment
Nobody trusts you,Harassment
You're alone,Harassment
You have no friends,Harassment
Everyone thinks you're bad,Harassment
They talk behind your back,Harassment
You have no friends,Harassment
Nobody likes you,Harassment
Everyone avoids you,Harassment
Nobody wants you,Harassment
They laugh at you,Harassment
Everyone despises you,Harassment
You're alone,Harassment
Everyone thinks you're bad,Harassment
They all mock you,Harassment
They talk behind your back,Harassment
Nobody trusts you,Harassment
Nobody believes in you,Harassment
Everyone despises you,Harassment
Nobody respects you,Harassment
Everyone despises you,Harassment
People whisper about you,Harassment
Nobody believes in you,Harassment
You're unwanted,Harassment
Everyone avoids you,Harassment
Nobody trusts you,Harassment
They reject you,Harassment
You're alone,Harassment
Nobody wants you,Harassment
People whisper about you,Harassment
Nobody cares about you,Harassment
People whisper about you,Harassment
Nobody cares about you,Harassment
You're unwanted,Harassment
They laugh at you,Harassment
Nobody respects you,Harassment
Nobody respects you,Harassment
Nobody wants you,Harassment
Everyone thinks you're bad,Harassment
Nobody trusts you,Harassment
You're alone,Harassment
You're alone,Harassment
They talk behind your back,Harassment
People whisper about you,Harassment
Nobody likes you,Harassment
You're unwanted,Harassment
Nobody trusts you,Harassment
Nobody respects you,Harassment
You're alone,Harassment
Nobody likes you,Harassment
They talk behind your back,Harassment
Nobody cares about you,Harassment
They reject you,Harassment
They all mock you,Harassment
Nobody believes in you,Harassment
People whisper about you,Harassment
Everyone hates you,Harassment
Everyone thinks you're bad,Harassment
Nobody respects you,Harassment
You have no friends,Harassment
Everyone thinks you're bad,Harassment
Nobody believes in you,Harassment
Everyone avoids you,Harassment
You have no friends,Harassment
You have no friends,Harassment
Everyone despises you,Harassment
Everyone hates you,Harassment
Nobody respects you,Harassment
You're alone,Harassment
You're unwanted,Harassment
Nobody cares about you,Harassment
Nobody wants you,Harassment
Nobody likes you,Harassment
Nobody trusts you,Harassment
Nobody respects you,Harassment
Nobody trusts you,Harassment
Nobody believes in you,Harassment
Nobody wants you,Harassment
You're unwanted,Harassment
Nobody likes you,Harassment
They talk behind your back,Harassment
Nobody likes you,Harassment
Nobody believes in you,Harassment
They all hate you,Harassment
You're alone,Harassment
Everyone avoids you,Harassment
They all hate you,Harassment
Nobody cares about you,Harassment
They talk behind your back,Harassment
Nobody respects you,Harassment
Nobody wants you,Harassment
Everyone despises you,Harassment
People whisper about you,Harassment
They laugh at you,Harassment
You're unwanted,Harassment
Nobody wants you,Harassment
Nobody wants you,Harassment
Everyone despises you,Harassment
You're unwanted,Harassment
Nobody cares about you,Harassment
Nobody cares about you,Harassment
Nobody believes in you,Harassment
You're alone,Harassment
They laugh at you,Harassment
Nobody cares about you,Harassment
Nobody respects you,Harassment
Everyone hates you,Harassment
You have no friends,Harassment
Everyone despises you,Harassment
You're alone,Harassment
Everyone avoids you,Harassment
Nobody likes you,Harassment
They all hate you,Harassment
Nobody wants you,Harassment
You're alone,Harassment
Nobody respects you,Harassment
Nobody cares about you,Harassment
Nobody wants you,Harassment
Nobody likes you,Harassment
Everyone avoids you,Harassment
Nobody believes in you,Harassment
They laugh at you,Harassment
They reject you,Harassment
They all hate you,Harassment
People whisper about you,Harassment
They all hate you,Harassment
Everyone hates you,Harassment
Nobody cares about you,Harassment
You have no friends,Harassment
People whisper about you,Harassment
You're unwanted,Harassment
Nobody likes you,Harassment
They all mock you,Harassment
You're alone,Harassment
Everyone despises you,Harassment
Everyone despises you,Harassment
Nobody respects you,Harassment
They talk behind your back,Harassment
Everyone despises you,Harassment
Nobody believes in you,Harassment
Everyone hates you,Harassment
They all hate you,Harassment
They all mock you,Harassment
They talk behind your back,Harassment
Nobody believes in you,Harassment
They all hate you,Harassment
Everyone thinks you're bad,Harassment
Everyone hates you,Harassment
You're unwanted,Harassment
Nobody trusts you,Harassment
Nobody wants you,Harassment
Everyone avoids you,Harassment
Nobody likes you,Harassment
Everyone despises you,Harassment
You have no friends,Harassment
They laugh at you,Harassment
Nobody believes in you,Harassment
You're alone,Harassment
Everyone hates you,Harassment
They all mock you,Harassment
People whisper about you,Harassment
They all hate you,Harassment
You have no friends,Harassment
Nobody trusts you,Harassment
Nobody believes in you,Harassment
Nobody likes you,Harassment
Nobody wants you,Harassment
Nobody likes you,Harassment
Nobody believes in you,Harassment
Everyone despises you,Harassment
They laugh at you,Harassment
You're alone,Harassment
You're unwanted,Harassment
Everyone avoids you,Harassment
Nobody wants you,Harassment
You're unwanted,Harassment
You're unwanted,Harassment
They talk behind your back,Harassment
Everyone hates you,Harassment
They all hate you,Harassment
Everyone hates you,Harassment
Nobody trusts you,Harassment
Nobody cares about you,Harassment
You're unwanted,Harassment
Nobody believes in you,Harassment
They talk behind your back,Harassment
People whisper about you,Harassment
Everyone despises you,Harassment
They laugh at you,Harassment
They reject you,Harassment
They reject you,Harassment
You have no friends,Harassment
They all hate you,Harassment
People whisper about you,Harassment
Nobody cares about you,Harassment
Everyone avoids you,Harassment
Everyone thinks you're bad,Harassment
Nobody respects you,Harassment
They all mock you,Harassment
You're unwanted,Harassment
They laugh at you,Harassment
Nobody wants you,Harassment
Nobody believes in you,Harassment
They all hate you,Harassment
They reject you,Harassment
Nobody trusts you,Harassment
Nobody wants you,Harassment
Nobody likes you,Harassment
They talk behind your back,Harassment
They reject you,Harassment
Nobody respects you,Harassment
Nobody wants you,Harassment
They reject you,Harassment
Nobody trusts you,Harassment
You have no friends,Harassment
You're alone,Harassment
Everyone hates you,Harassment
They all hate you,Harassment
Nobody cares about you,Harassment
Nobody wants you,Harassment
Nobody trusts you,Harassment
You're unwanted,Harassment
Everyone despises you,Harassment
They talk behind your back,Harassment
People whisper about you,Harassment
They all hate you,Harassment
Nobody trusts you,Harassment
Nobody believes in you,Harassment
You're unwanted,Harassment
They laugh at you,Harassment
You're alone,Harassment
Everyone hates you,Harassment
Everyone avoids you,Harassment
Everyone avoids you,Harassment
Nobody trusts you,Harassment
People whisper about you,Harassment
You have no friends,Harassment
Nobody respects you,Harassment
Everyone thinks you're bad,Harassment
They laugh at you,Harassment
Nobody believes in you,Harassment
You have no friends,Harassment
Nobody cares about you,Harassment
They talk behind your back,Harassment
Nobody trusts you,Harassment
They laugh at you,Harassment
Everyone despises you,Harassment
Everyone thinks you're bad,Harassment
You have no friends,Harassment
They all hate you,Harassment
Everyone hates you,Harassment
Nobody believes in you,Harassment
You have no friends,Harassment
Everyone despises you,Harassment
They talk behind your back,Harassment
Everyone thinks you're bad,Harassment
Everyone despises you,Harassment
You have no friends,Harassment
They reject you,Harassment
You're unwanted,Harassment
You're alone,Harassment
You're alone,Harassment
Everyone hates you,Harassment
They talk behind your back,Harassment
Everyone thinks you're bad,Harassment
You have no friends,Harassment
They all hate you,Harassment
Nobody trusts you,Harassment
They talk behind your back,Harassment
They reject you,Harassment
They all mock you,Harassment
They all mock you,Harassment
You have no friends,Harassment
Nobody wants you,Harassment
People whisper about you,Harassment
Nobody wants you,Harassment
You're unwanted,Harassment
Nobody wants you,Harassment
Nobody likes you,Harassment
Everyone hates you,Harassment
Nobody respects you,Harassment
Nobody wants you,Harassment
Nobody respects you,Harassment
They reject you,Harassment
Nobody likes you,Harassment
Everyone thinks you're bad,Harassment
Everyone hates you,Harassment
Nobody cares about you,Harassment
They all mock you,Harassment
You have no friends,Harassment
You're alone,Harassment
They all mock you,Harassment
Nobody cares about you,Harassment
Nobody wants you,Harassment
Everyone hates you,Harassment
Nobody cares about you,Harassment
They laugh at you,Harassment
Everyone despises you,Harassment
Nobody wants you,Harassment
Everyone hates you,Harassment
Everyone hates you,Harassment
They laugh at you,Harassment
Everyone thinks you're bad,Harassment
Nobody believes in you,Harassment
Nobody wants you,Harassment
Everyone despises you,Harassment
Nobody wants you,Harassment
You're unwanted,Harassment
Everyone avoids you,Harassment
You're alone,Harassment
Nobody cares about you,Harassment
You're unwanted,Harassment
Nobody wants you,Harassment
They laugh at you,Harassment
You're alone,Harassment
Nobody believes in you,Harassment
Nobody likes you,Harassment
Everyone thinks you're bad,Harassment
You're alone,Harassment
Nobody likes you,Harassment
Everyone avoids you,Harassment
You're alone,Harassment
You're unwanted,Harassment
Nobody trusts you,Harassment
People whisper about you,Harassment
People whisper about you,Harassment
Everyone avoids you,Harassment
Nobody likes you,Harassment
They laugh at you,Harassment
You're unwanted,Harassment
They all hate you,Harassment
Nobody wants you,Harassment
They all mock you,Harassment
Everyone thinks you're bad,Harassment
Everyone thinks you're bad,Harassment
Everyone thinks you're bad,Harassment
Everyone thinks you're bad,Harassment
They laugh at you,Harassment
Nobody respects you,Harassment
Everyone hates you,Harassment
Nobody wants you,Harassment
Everyone despises you,Harassment
Nobody likes you,Harassment
Everyone despises you,Harassment
You're alone,Harassment
Nobody believes in you,Harassment
Everyone avoids you,Harassment
They all hate you,Harassment
Everyone despises you,Harassment
They reject you,Harassment
Nobody wants you,Harassment
People whisper about you,Harassment
Everyone avoids you,Harassment
You're alone,Harassment
They laugh at you,Harassment
They all mock you,Harassment
You're unwanted,Harassment
Nobody trusts you,Harassment
Nobody believes in you,Harassment
You have no friends,Harassment
You're unwanted,Harassment
Everyone hates you,Harassment
Nobody believes in you,Harassment
Nobody believes in you,Harassment
They talk behind your back,Harassment
They talk behind your back,Harassment
They all mock you,Harassment
They laugh at you,Harassment
Nobody believes in you,Harassment
Everyone despises you,Harassment
Everyone thinks you're bad,Harassment
You're alone,Harassment
Everyone despises you,Harassment
Everyone hates you,Harassment
They all hate you,Harassment
They laugh at you,Harassment
Everyone despises you,Harassment
Everyone hates you,Harassment
Nobody believes in you,Harassment
They talk behind your back,Harassment
They reject you,Harassment
Everyone thinks you're bad,Harassment
They talk behind your back,Harassment
Everyone avoids you,Harassment
Everyone avoids you,Harassment
You have no friends,Harassment
Nobody believes in you,Harassment
People whisper about you,Harassment
They laugh at you,Harassment
They laugh at you,Harassment
You're alone,Harassment
They all hate you,Harassment
Nobody likes you,Harassment
People whisper about you,Harassment
People whisper about you,Harassment
Everyone despises you,Harassment
Nobody believes in you,Harassment
They all mock you,Harassment
Everyone thinks you're bad,Harassment
They laugh at you,Harassment
Nobody likes you,Harassment
You're alone,Harassment
You're unwanted,Harassment
Nobody trusts you,Harassment
Everyone hates you,Harassment
They reject you,Harassment
They all mock you,Harassment
They all mock you,Harassment
You have no friends,Harassment
You're unwanted,Harassment
They all hate you,Harassment
Nobody wants you,Harassment
Everyone avoids you,Harassment
They all hate you,Harassment
They all hate you,Harassment
They all hate you,Harassment
Nobody cares about you,Harassment
They all mock you,Harassment
You're alone,Harassment
Nobody respects you,Harassment
Nobody respects you,Harassment
Nobody wants you,Harassment
You have no friends,Harassment
Everyone hates you,Harassment
Nobody respects you,Harassment
Nobody believes in you,Harassment
Everyone avoids you,Harassment
You're alone,Harassment
Everyone hates you,Harassment
Nobody likes you,Harassment
Nobody respects you,Harassment
Nobody believes in you,Harassment
Everyone avoids you,Harassment
They laugh at you,Harassment
Nobody likes you,Harassment
Everyone despises you,Harassment
You're alone,Harassment
They reject you,Harassment
Nobody believes in you,Harassment
Everyone despises you,Harassment
People whisper about you,Harassment
You're alone,Harassment
They talk behind your back,Harassment
Nobody believes in you,Harassment
People whisper about you,Harassment
They laugh at you,Harassment
You're alone,Harassment
Everyone despises you,Harassment
Everyone thinks you're bad,Harassment
You're alone,Harassment
They all hate you,Harassment
They talk behind your back,Harassment
They talk behind your back,Harassment
They reject you,Harassment
Nobody respects you,Harassment
They all hate you,Harassment
You have no friends,Harassment
Nobody respects you,Harassment
They laugh at you,Harassment
People whisper about you,Harassment
You have no friends,Harassment
They laugh at you,Harassment
Nobody cares about you,Harassment
They laugh at you,Harassment
You're alone,Harassment
You're alone,Harassment
Nobody likes you,Harassment
They laugh at you,Harassment
Everyone despises you,Harassment
They laugh at you,Harassment
Nobody respects you,Harassment
They reject you,Harassment
Nobody wants you,Harassment
Everyone hates you,Harassment
You're alone,Harassment
Nobody likes you,Harassment
You're alone,Harassment
Nobody trusts you,Harassment
People whisper about you,Harassment
Nobody wants you,Harassment
Nobody trusts you,Harassment
They all mock you,Harassment
Nobody respects you,Harassment
They laugh at you,Harassment
Nobody believes in you,Harassment
Everyone hates you,Harassment
Everyone hates you,Harassment
They reject you,Harassment
They reject you,Harassment
Everyone thinks you're bad,Harassment
Nobody cares about you,Harassment
Everyone hates you,Harassment
People whisper about you,Harassment
Nobody believes in you,Harassment
Nobody trusts you,Harassment
Nobody respects you,Harassment
People whisper about you,Harassment
Nobody likes you,Harassment
Everyone avoids you,Harassment
You're unwanted,Harassment
Nobody cares about you,Harassment
Everyone hates you,Harassment
They laugh at you,Harassment
Everyone avoids you,Harassment
Nobody trusts you,Harassment
They all mock you,Harassment
They laugh at you,Harassment
Everyone avoids you,Harassment
Nobody wants you,Harassment
Nobody cares about you,Harassment
Nobody wants you,Harassment
They laugh at you,Harassment
Everyone hates you,Harassment
Nobody wants you,Harassment
Everyone avoids you,Harassment
They talk behind your back,Harassment
Nobody respects you,Harassment
They laugh at you,Harassment
Nobody likes you,Harassment
They all mock you,Harassment
They all hate you,Harassment
They talk behind your back,Harassment
They all hate you,Harassment
You have no friends,Harassment
They laugh at you,Harassment
Nobody trusts you,Harassment
Everyone hates you,Harassment
Everyone despises you,Harassment
They all mock you,Harassment
Nobody trusts you,Harassment
Everyone thinks you're bad,Harassment
They all mock you,Harassment
People whisper about you,Harassment
Everyone thinks you're bad,Harassment
They all hate you,Harassment
Everyone thinks you're bad,Harassment
They talk behind your back,Harassment
Nobody likes you,Harassment
Nobody respects you,Harassment
They reject you,Harassment
Nobody likes you,Harassment
Everyone hates you,Harassment
Nobody wants you,Harassment
You have no friends,Harassment
Everyone despises you,Harassment
They reject you,Harassment
They reject you,Harassment
You're alone,Harassment
You're alone,Harassment
Nobody wants you,Harassment
You have no friends,Harassment
You're alone,Harassment
They talk behind your back,Harassment
They all hate you,Harassment
You have no friends,Harassment
Everyone despises you,Harassment
Everyone avoids you,Harassment
You're alone,Harassment
Nobody cares about you,Harassment
People whisper about you,Harassment
Everyone thinks you're bad,Harassment
Nobody trusts you,Harassment
They reject you,Harassment
You're alone,Harassment
People whisper about you,Harassment
Nobody cares about you,Harassment
They reject you,Harassment
People whisper about you,Harassment
They reject you,Harassment
Nobody cares about you,Harassment
Nobody believes in you,Harassment
Everyone hates you,Harassment
Everyone hates you,Harassment
Everyone avoids you,Harassment
Nobody respects you,Harassment
Nobody respects you,Harassment
Nobody trusts you,Harassment
They reject you,Harassment
They talk behind your back,Harassment
They talk behind your back,Harassment
They laugh at you,Harassment
Nobody respects you,Harassment
They talk behind your back,Harassment
Everyone thinks you're bad,Harassment
You have no friends,Harassment
They talk behind your back,Harassment
You have no friends,Harassment
Everyone despises you,Harassment
Nobody trusts you,Harassment
Nobody believes in you,Harassment
They all hate you,Harassment
Everyone thinks you're bad,Harassment
Nobody trusts you,Harassment
Everyone thinks you're bad,Harassment
They talk behind your back,Harassment
They reject you,Harassment
Watch your back,Threat
You're done for,Threat
I'm stalking you,Threat
I'll break you,Threat
I'll break you,Threat
Kill yourself,Threat
I'm coming for you,Threat
I'll destroy you,Threat
Drop dead,Threat
Drop dead,Threat
You're finished,Threat
You're finished,Threat
You deserve pain,Threat
You'll pay for this,Threat
You deserve pain,Threat
You should die,Threat
You deserve pain,Threat
I'm stalking you,Threat
You'll regret this,Threat
You'll regret this,Threat
You'll regret this,Threat
You're finished,Threat
Watch your back,Threat
Your life is over,Threat
I'm coming for you,Threat
I'll break you,Threat
I'll break you,Threat
Kill yourself,Threat
Kill yourself,Threat
Drop dead,Threat
I hope you die,Threat
I'll find you,Threat
You'll lose everything,Threat
Your life is over,Threat
I'll destroy you,Threat
You deserve pain,Threat
You're finished,Threat
You're finished,Threat
I hope you die,Threat
I know where you live,Threat
You'll pay for this,Threat
You should die,Threat
You're finished,Threat
I'll break you,Threat
I'll find you,Threat
Watch your back,Threat
I'll hurt you,Threat
I know where you live,Threat
You're finished,Threat
I know where you live,Threat
You're finished,Threat
You should die,Threat
You should die,Threat
You deserve pain,Threat
I will end you,Threat
You'll lose everything,Threat
I know where you live,Threat
I know where you live,Threat
I'll find you,Threat
You'll regret this,Threat
I hope you die,Threat
I'll find you,Threat
You're finished,Threat
I'll destroy you,Threat
I'm coming for you,Threat
Drop dead,Threat
I'm coming for you,Threat
I know where you live,Threat
I'll break you,Threat
Drop dead,Threat
You're finished,Threat
Your life is over,Threat
You'll lose everything,Threat
I'll hurt you,Threat
Watch your back,Threat
I hope you die,Threat
I hope you die,Threat
You'll pay for this,Threat
You're finished,Threat
I'll hurt you,Threat
You'll lose everything,Threat
Watch your back,Threat
Kill yourself,Threat
Watch your back,Threat
Your life is over,Threat
I know where you live,Threat
Your life is over,Threat
I'm stalking you,Threat
Watch your back,Threat
You should die,Threat
I'll break you,Threat
I'm stalking you,Threat
You're done for,Threat
I know where you live,Threat
You'll regret this,Threat
I'm stalking you,Threat
You should die,Threat
You deserve pain,Threat
I'll break you,Threat
You're done for,Threat
I'm coming for you,Threat
I'll break you,Threat
I'll destroy you,Threat
I know where you live,Threat
You're finished,Threat
You're finished,Threat
You'll pay for this,Threat
Watch your back,Threat
Watch your back,Threat
I'll find you,Threat
I'm stalking you,Threat
You'll pay for this,Threat
I'm coming for you,Threat
You deserve pain,Threat
Watch your back,Threat
I hope you die,Threat
I'll break you,Threat
I'll hurt you,Threat
You'll regret this,Threat
I'm stalking you,Threat
You'll lose everything,Threat
I will end you,Threat
You'll pay for this,Threat
I'll find you,Threat
I'm stalking you,Threat
I'm coming for you,Threat
I'll break you,Threat
You should die,Threat
I will end you,Threat
I'm coming for you,Threat
You'll pay for this,Threat
I know where you live,Threat
You'll lose everything,Threat
I'll hurt you,Threat
I'll find you,Threat
I hope you die,Threat
You're done for,Threat
You'll regret this,Threat
You should die,Threat
You'll pay for this,Threat
I'll hurt you,Threat
I'm stalking you,Threat
You're done for,Threat
I'm stalking you,Threat
I'll destroy you,Threat
I'll break you,Threat
I will end you,Threat
I will end you,Threat
You deserve pain,Threat
You should die,Threat
Your life is over,Threat
Watch your back,Threat
I'm coming for you,Threat
I will end you,Threat
You should die,Threat
I know where you live,Threat
I'll break you,Threat
You deserve pain,Threat
I'm stalking you,Threat
You'll regret this,Threat
You'll regret this,Threat
I know where you live,Threat
You'll regret this,Threat
Kill yourself,Threat
You should die,Threat
I hope you die,Threat
Drop dead,Threat
I will end you,Threat
You'll pay for this,Threat
You deserve pain,Threat
You should die,Threat
You'll regret this,Threat
I know where you live,Threat
You deserve pain,Threat
You'll regret this,Threat
You'll lose everything,Threat
I know where you live,Threat
You're finished,Threat
I'm stalking you,Threat
Your life is over,Threat
I'll hurt you,Threat
I'm coming for you,Threat
I know where you live,Threat
You'll regret this,Threat
You'll regret this,Threat
I'm stalking you,Threat
I will end you,Threat
I'm stalking you,Threat
You deserve pain,Threat
You'll regret this,Threat
I know where you live,Threat
I'm stalking you,Threat
You're done for,Threat
You'll pay for this,Threat
Kill yourself,Threat
Your life is over,Threat
You'll regret this,Threat
Drop dead,Threat
You'll lose everything,Threat
You should die,Threat
I'll break you,Threat
I'll hurt you,Threat
I'll destroy you,Threat
You're finished,Threat
You'll pay for this,Threat
You deserve pain,Threat
You're done for,Threat
I will end you,Threat
You'll regret this,Threat
You're finished,Threat
I hope you die,Threat
You'll regret this,Threat
I'm coming for you,Threat
I hope you die,Threat
I know where you live,Threat
I'm coming for you,Threat
I'll break you,Threat
I know where you live,Threat
Your life is over,Threat
I'm stalking you,Threat
You'll lose everything,Threat
You'll lose everything,Threat
I'll destroy you,Threat
You'll pay for this,Threat
Watch your back,Threat
Drop dead,Threat
You're finished,Threat
I will end you,Threat
You're done for,Threat
I'll destroy you,Threat
You'll regret this,Threat
I'll hurt you,Threat
You're done for,Threat
I'll find you,Threat
I know where you live,Threat
You're done for,Threat
You'll regret this,Threat
I hope you die,Threat
I'm coming for you,Threat
You'll regret this,Threat
You'll regret this,Threat
I'm stalking you,Threat
You should die,Threat
You deserve pain,Threat
Kill yourself,Threat
Watch your back,Threat
You're finished,Threat
I'll hurt you,Threat
I know where you live,Threat
You'll regret this,Threat
I know where you live,Threat
You'll pay for this,Threat
You'll pay for this,Threat
Kill yourself,Threat
You'll pay for this,Threat
Your life is over,Threat
Kill yourself,Threat
I'll destroy you,Threat
Watch your back,Threat
I will end you,Threat
I'll break you,Threat
I know where you live,Threat
You're done for,Threat
You should die,Threat
I'll find you,Threat
Watch your back,Threat
Watch your back,Threat
I'll break you,Threat
You deserve pain,Threat
You'll regret this,Threat
You're done for,Threat
I'll destroy you,Threat
You're done for,Threat
I'll break you,Threat
I know where you live,Threat
I'm coming for you,Threat
You should die,Threat
You deserve pain,Threat
I'll destroy you,Threat
You'll regret this,Threat
Drop dead,Threat
I'll hurt you,Threat
You deserve pain,Threat
I'm stalking you,Threat
I'll break you,Threat
You'll pay for this,Threat
You deserve pain,Threat
You deserve pain,Threat
Watch your back,Threat
Drop dead,Threat
I'll break you,Threat
Your life is over,Threat
I will end you,Threat
Watch your back,Threat
I'm stalking you,Threat
Kill yourself,Threat
I'll find you,Threat
I'll destroy you,Threat
I'll find you,Threat
Watch your back,Threat
Kill yourself,Threat
I know where you live,Threat
You'll regret this,Threat
You'll pay for this,Threat
You'll regret this,Threat
Drop dead,Threat
You'll lose everything,Threat
You'll pay for this,Threat
I'll break you,Threat
I'm stalking you,Threat
You're finished,Threat
You deserve pain,Threat
You'll pay for this,Threat
You should die,Threat
You'll lose everything,Threat
You'll pay for this,Threat
You'll pay for this,Threat
Your life is over,Threat
Watch your back,Threat
I'll hurt you,Threat
You deserve pain,Threat
I'll find you,Threat
Drop dead,Threat
I will end you,Threat
Drop dead,Threat
You'll regret this,Threat
Kill yourself,Threat
I'll find you,Threat
I'll find you,Threat
I will end you,Threat
You'll lose everything,Threat
You'll regret this,Threat
I know where you live,Threat
I hope you die,Threat
You're done for,Threat
I know where you live,Threat
You deserve pain,Threat
You'll pay for this,Threat
You should die,Threat
I hope you die,Threat
I'll break you,Threat
You should die,Threat
Kill yourself,Threat
Watch your back,Threat
You'll regret this,Threat
You'll lose everything,Threat
You deserve pain,Threat
I know where you live,Threat
I hope you die,Threat
You'll regret this,Threat
You're finished,Threat
You'll pay for this,Threat
I know where you live,Threat
I'll find you,Threat
You'll regret this,Threat
I hope you die,Threat
You should die,Threat
You'll regret this,Threat
I'll find you,Threat
You should die,Threat
I'll hurt you,Threat
I'm coming for you,Threat
Watch your back,Threat
Kill yourself,Threat
Drop dead,Threat
I'll break you,Threat
Your life is over,Threat
You'll regret this,Threat
Watch your back,Threat
You'll regret this,Threat
I hope you die,Threat
I hope you die,Threat
You'll pay for this,Threat
You'll regret this,Threat
You're finished,Threat
Watch your back,Threat
You'll regret this,Threat
Kill yourself,Threat
You're finished,Threat
Watch your back,Threat
You should die,Threat
You'll regret this,Threat
You're done for,Threat
I'll find you,Threat
I know where you live,Threat
You'll regret this,Threat
Your life is over,Threat
You'll lose everything,Threat
You'll pay for this,Threat
I know where you live,Threat
You'll pay for this,Threat
I will end you,Threat
You're done for,Threat
You deserve pain,Threat
I'll break you,Threat
I'm coming for you,Threat
I'll break you,Threat
I'll break you,Threat
You'll regret this,Threat
Kill yourself,Threat
I'll destroy you,Threat
I'm stalking you,Threat
You'll lose everything,Threat
You should die,Threat
I hope you die,Threat
I know where you live,Threat
I will end you,Threat
Drop dead,Threat
Kill yourself,Threat
You'll pay for this,Threat
I will end you,Threat
I hope you die,Threat
You'll lose everything,Threat
I'm stalking you,Threat
You'll regret this,Threat
I'll destroy you,Threat
You should die,Threat
You deserve pain,Threat
I hope you die,Threat
You should die,Threat
I will end you,Threat
Your life is over,Threat
You'll pay for this,Threat
I'm coming for you,Threat
I'm stalking you,Threat
You're done for,Threat
Drop dead,Threat
You're done for,Threat
I'm stalking you,Threat
Your life is over,Threat
I'm coming for you,Threat
I hope you die,Threat
You'll pay for this,Threat
I'm coming for you,Threat
You'll regret this,Threat
I'll hurt you,Threat
Drop dead,Threat
You'll regret this,Threat
I'll destroy you,Threat
You deserve pain,Threat
I'm coming for you,Threat
I'll break you,Threat
Drop dead,Threat
You'll regret this,Threat
I hope you die,Threat
You should die,Threat
I'll find you,Threat
You're done for,Threat
I'll break you,Threat
Your life is over,Threat
You're finished,Threat
You'll pay for this,Threat
I'll find you,Threat
I'll find you,Threat
Kill yourself,Threat
You're finished,Threat
I'm stalking you,Threat
You're done for,Threat
You're done for,Threat
Your life is over,Threat
Watch your back,Threat
I'll find you,Threat
I'll hurt you,Threat
Drop dead,Threat
Kill yourself,Threat
You'll regret this,Threat
I hope you die,Threat
I'm coming for you,Threat
You'll regret this,Threat
I'll destroy you,Threat
I'll hurt you,Threat
I will end you,Threat
I know where you live,Threat
You'll lose everything,Threat
I know where you live,Threat
I'll break you,Threat
I'm stalking you,Threat
Watch your back,Threat
You deserve pain,Threat
You deserve pain,Threat
I'll hurt you,Threat
I'll break you,Threat
I'll break you,Threat
You'll lose everything,Threat
Watch your back,Threat
I'm stalking you,Threat
I'm stalking you,Threat
You'll regret this,Threat
I'm coming for you,Threat
You'll pay for this,Threat
You should die,Threat
I know where you live,Threat
You deserve pain,Threat
You're done for,Threat
I'll break you,Threat
Your life is over,Threat
I hope you die,Threat
I will end you,Threat
Watch your back,Threat
Watch your back,Threat
Your life is over,Threat
You'll pay for this,Threat
I'm coming for you,Threat
You're finished,Threat
Your life is over,Threat
Your life is over,Threat
I'll destroy you,Threat
You'll pay for this,Threat
You'll regret this,Threat
I'll find you,Threat
I'm coming for you,Threat
Your life is over,Threat
You'll lose everything,Threat
I'll find you,Threat
Kill yourself,Threat
Your life is over,Threat
I'm coming for you,Threat
You'll pay for this,Threat
You should die,Threat
I'll hurt you,Threat
You'll lose everything,Threat
I'm stalking you,Threat
You should die,Threat
You'll lose everything,Threat
I'm coming for you,Threat
I'll hurt you,Threat
You'll pay for this,Threat
I'll find you,Threat
I'll find you,Threat
You're finished,Threat
You're done for,Threat
I'm coming for you,Threat
I'll break you,Threat
I will end you,Threat
You'll lose everything,Threat
You're finished,Threat
You're done for,Threat
Drop dead,Threat
You'll regret this,Threat
Watch your back,Threat
You're finished,Threat
I'm stalking you,Threat
You're finished,Threat
Your life is over,Threat
Your life is over,Threat
Watch your back,Threat
I'm coming for you,Threat
Kill yourself,Threat
Drop dead,Threat
I will end you,Threat
You should die,Threat
Your life is over,Threat
You'll pay for this,Threat
You're done for,Threat
I know where you live,Threat
You'll regret this,Threat
Your life is over,Threat
You deserve pain,Threat
I'm stalking you,Threat
I'll destroy you,Threat
You'll lose everything,Threat
You'll pay for this,Threat
You'll pay for this,Threat
You'll regret this,Threat
You're finished,Threat
I'll break you,Threat
You deserve pain,Threat
I hope you die,Threat
Drop dead,Threat
You'll lose everything,Threat
I'm stalking you,Threat
You'll regret this,Threat
You deserve pain,Threat
I'll hurt you,Threat
Your life is over,Threat
You'll regret this,Threat
I'll find you,Threat
I'll break you,Threat
I hope you die,Threat
I hope you die,Threat
You deserve pain,Threat
You should die,Threat
I know where you live,Threat
Watch your back,Threat
You're done for,Threat
I'll find you,Threat
I'm coming for you,Threat
You should die,Threat
You'll regret this,Threat
Watch your back,Threat
You should die,Threat
I'm coming for you,Threat
You're finished,Threat
I'm stalking you,Threat
I'll find you,Threat
I'll find you,Threat
I hope you die,Threat
I know where you live,Threat
I hope you die,Threat
Your life is over,Threat
Watch your back,Threat
I'll find you,Threat
You'll lose everything,Threat
I'll break you,Threat
You'll pay for this,Threat
I'm coming for you,Threat
Kill yourself,Threat
I'm coming for you,Threat
I'll break you,Threat
I know where you live,Threat
You'll lose everything,Threat
You'll regret this,Threat
You should die,Threat
I'll break you,Threat
I hope you die,Threat
You should die,Threat
I'll find you,Threat
You should die,Threat
I know where you live,Threat
You're finished,Threat
I hope you die,Threat
I'll break you,Threat
I'll destroy you,Threat
You'll lose everything,Threat
I'm coming for you,Threat
You'll pay for this,Threat
I hope you die,Threat
You'll regret this,Threat
I'll find you,Threat
You'll pay for this,Threat
Your life is over,Threat
I will end you,Threat
Your life is over,Threat
I'm coming for you,Threat
You're done for,Threat
I'll hurt you,Threat
I'll break you,Threat
You'll lose everything,Threat
You'll pay for this,Threat
I will end you,Threat
Drop dead,Threat
I'll break you,Threat
I hope you die,Threat
You deserve pain,Threat
You're finished,Threat
I'll find you,Threat
I'll find you,Threat
You'll pay for this,Threat
You'll regret this,Threat
Kill yourself,Threat
You'll lose everything,Threat
I'll hurt you,Threat
I'll destroy you,Threat
You're finished,Threat
I will end you,Threat
I'm stalking you,Threat
I will end you,Threat
I know where you live,Threat
I'm coming for you,Threat
Your life is over,Threat
I'm coming for you,Threat
You'll pay for this,Threat
You'll regret this,Threat
I'll break you,Threat
You should die,Threat
I'll break you,Threat
I hope you die,Threat
Your life is over,Threat
I'll destroy you,Threat
I know where you live,Threat
I'll destroy you,Threat
Kill yourself,Threat
Drop dead,Threat
You deserve pain,Threat
Kill yourself,Threat
I'll find you,Threat
I'll find you,Threat
I'll hurt you,Threat
You'll lose everything,Threat
I know where you live,Threat
You deserve pain,Threat
You deserve pain,Threat
I'm coming for you,Threat
You're done for,Threat
Your life is over,Threat
You're done for,Threat
You'll pay for this,Threat
You should die,Threat
You deserve pain,Threat
You're finished,Threat
You're done for,Threat
I will end you,Threat
I'll find you,Threat
I'll destroy you,Threat
You're done for,Threat
You should die,Threat
I'll hurt you,Threat
I'll find you,Threat
I'll break you,Threat
You're done for,Threat
I'll break you,Threat
You'll regret this,Threat
You're done for,Threat
You deserve pain,Threat
I'm coming for you,Threat
I'm stalking you,Threat
I will end you,Threat
I'm stalking you,Threat
I'll break you,Threat
I will end you,Threat
I hope you die,Threat
I'll hurt you,Threat
You'll pay for this,Threat
You should die,Threat
I'll hurt you,Threat
Your life is over,Threat
Your life is over,Threat
You're finished,Threat
Kill yourself,Threat
I'll hurt you,Threat
You're finished,Threat
Drop dead,Threat
I'm stalking you,Threat
I'll hurt you,Threat
I hope you die,Threat
I know where you live,Threat
I'll find you,Threat
You'll pay for this,Threat
I'll break you,Threat
Watch your back,Threat
You'll regret this,Threat
You're finished,Threat
You'll lose everything,Threat
I'll find you,Threat
Kill yourself,Threat
You'll pay for this,Threat
I'll break you,Threat
Watch your back,Threat
You're finished,Threat
I'll hurt you,Threat
I know where you live,Threat
You should die,Threat
I'm coming for you,Threat
You're finished,Threat
Drop dead,Threat
Drop dead,Threat
You'll lose everything,Threat
I know where you live,Threat
You deserve pain,Threat
I'll hurt you,Threat
Drop dead,Threat
You deserve pain,Threat
I'm coming for you,Threat
Watch your back,Threat
You'll regret this,Threat
Your life is over,Threat
Your life is over,Threat
You'll lose everything,Threat
I hope you die,Threat
Kill yourself,Threat
Kill yourself,Threat
I know where you live,Threat
Kill yourself,Threat
Drop dead,Threat
I'm stalking you,Threat
I know where you live,Threat
Drop dead,Threat
I'll break you,Threat
You deserve pain,Threat
You'll lose everything,Threat
I'm stalking you,Threat
You'll regret this,Threat
You're done for,Threat
You'll pay for this,Threat
You'll lose everything,Threat
Kill yourself,Threat
Drop dead,Threat
You'll pay for this,Threat
I know where you live,Threat
I'll destroy you,Threat
Kill yourself,Threat
I'll break you,Threat
Kill yourself,Threat
I hope you die,Threat
Kill yourself,Threat
I'll break you,Threat
You'll lose everything,Threat
You'll regret this,Threat
I'm stalking you,Threat
You should die,Threat
You deserve pain,Threat
You'll lose everything,Threat
I'm stalking you,Threat
You're done for,Threat
I hope you die,Threat
I'll break you,Threat
I'll hurt you,Threat
You'll lose everything,Threat
I know where you live,Threat
I'll hurt you,Threat
Drop dead,Threat
I know where you live,Threat
Your life is over,Threat
You deserve pain,Threat
You'll lose everything,Threat
You'll pay for this,Threat
I'm stalking you,Threat
Drop dead,Threat
You should die,Threat
You'll pay for this,Threat
I'll hurt you,Threat
I hope you die,Threat
You'll lose everything,Threat
Kill yourself,Threat
Your life is over,Threat
I'll find you,Threat
You're done for,Threat
You should die,Threat
You'll regret this,Threat
I know where you live,Threat
You're finished,Threat
I hope you die,Threat
I know where you live,Threat
You're finished,Threat
I'm stalking you,Threat
I will end you,Threat
I hope you die,Threat
I'm stalking you,Threat
You're finished,Threat
I hope you die,Threat
You're done for,Threat
You deserve pain,Threat
I'll hurt you,Threat
I will end you,Threat
I'm coming for you,Threat
I'm stalking you,Threat
Drop dead,Threat
Kill yourself,Threat
Watch your back,Threat
I'll break you,Threat
Kill yourself,Threat
I hope you die,Threat
Your life is over,Threat
You deserve pain,Threat
You deserve pain,Threat
You'll pay for this,Threat
You should die,Threat
Drop dead,Threat
I will end you,Threat
I know where you live,Threat
I'll find you,Threat
I'll find you,Threat
You'll pay for this,Threat
I hope you die,Threat
I hope you die,Threat
I'll hurt you,Threat
You're done for,Threat
You'll lose everything,Threat
Kill yourself,Threat
I'm stalking you,Threat
You'll regret this,Threat
I will end you,Threat
You're finished,Threat
I'll find you,Threat
Your life is over,Threat
You'll lose everything,Threat
I'll hurt you,Threat
I hope you die,Threat
Watch your back,Threat
Watch your back,Threat
You'll regret this,Threat
I'll destroy you,Threat
I will end you,Threat
You'll regret this,Threat
Kill yourself,Threat
I hope you die,Threat
I'll break you,Threat
You'll regret this,Threat
You deserve pain,Threat
I'm stalking you,Threat
I hope you die,Threat
You're done for,Threat
I'll find you,Threat
I know where you live,Threat
You deserve pain,Threat
I'll break you,Threat
You'll lose everything,Threat
I will end you,Threat
I'll destroy you,Threat
Your life is over,Threat
I'll break you,Threat
You deserve pain,Threat
You'll lose everything,Threat
You deserve pain,Threat
Your life is over,Threat
I'll find you,Threat
I know where you live,Threat
I hope you die,Threat
I know where you live,Threat
I'll break you,Threat
You should die,Threat
You're finished,Threat
I'll hurt you,Threat
You'll regret this,Threat
Your life is over,Threat
Your life is over,Threat
I'll hurt you,Threat
You deserve pain,Threat
You'll regret this,Threat
Watch your back,Threat
Your life is over,Threat
I'll break you,Threat
I'll destroy you,Threat
I will end you,Threat
You're finished,Threat
I'll find you,Threat
I'll break you,Threat
You'll pay for this,Threat
I will end you,Threat
Your life is over,Threat
I'll destroy you,Threat
You should die,Threat
You should die,Threat
I will end you,Threat
Watch your back,Threat
You deserve pain,Threat
Your life is over,Threat
I'll hurt you,Threat
I'll find you,Threat
I'll destroy you,Threat
I'll find you,Threat
You'll lose everything,Threat
You're done for,Threat
I hope you die,Threat
You're done for,Threat
Drop dead,Threat
I will end you,Threat
I'll break you,Threat
I'll find you,Threat
You're done for,Threat
Watch your back,Threat
I'll find you,Threat
I'll break you,Threat
I'm coming for you,Threat
You deserve pain,Threat
Your life is over,Threat
I'll destroy you,Threat
You'll regret this,Threat
You deserve pain,Threat
Watch your back,Threat
I'm stalking you,Threat
You'll regret this,Threat
I hope you die,Threat
Your life is over,Threat
You deserve pain,Threat
You should die,Threat
You'll lose everything,Threat
I'll find you,Threat
You should die,Threat
I'll find you,Threat
You're finished,Threat
I know where you live,Threat
I'll hurt you,Threat
You deserve pain,Threat
You're done for,Threat
You'll pay for this,Threat
You'll lose everything,Threat
Kill yourself,Threat
You're finished,Threat
You deserve pain,Threat
Your life is over,Threat
You should die,Threat
Your life is over,Threat
Kill yourself,Threat
I will end you,Threat
You'll pay for this,Threat
I'll destroy you,Threat
I hope you die,Threat
I'm coming for you,Threat
You should die,Threat
You'll pay for this,Threat
I'll destroy you,Threat
Drop dead,Threat
You'll pay for this,Threat
I'll hurt you,Threat
I know where you live,Threat
I'll find you,Threat
I'll hurt you,Threat
Your life is over,Threat
You should die,Threat
Your life is over,Threat
I'll destroy you,Threat
I know where you live,Threat
You'll regret this,Threat
I'll destroy you,Threat
I'll find you,Threat
You should die,Threat
I'll find you,Threat
Your life is over,Threat
I hope you die,Threat
You're incredible,not_cyberbullying
You inspire me,not_cyberbullying
You're smart,not_cyberbullying
You can do it,not_cyberbullying
You're my inspiration,not_cyberbullying
Great job,not_cyberbullying
You're amazing,not_cyberbullying
You're reliable,not_cyberbullying
I love working with you,not_cyberbullying
You're brilliant,not_cyberbullying
You're innovative,not_cyberbullying
You're trustworthy,not_cyberbullying
You're remarkable,not_cyberbullying
You're awesome,not_cyberbullying
Congratulations,not_cyberbullying
You're creative,not_cyberbullying
You're reliable,not_cyberbullying
You're caring,not_cyberbullying
You're outstanding,not_cyberbullying
You're my inspiration,not_cyberbullying
You're excellent,not_cyberbullying
You're amazing,not_cyberbullying
You inspire me,not_cyberbullying
You're intelligent,not_cyberbullying
You're wise,not_cyberbullying
Keep going,not_cyberbullying
You're trustworthy,not_cyberbullying
You're reliable,not_cyberbullying
You inspire me,not_cyberbullying
You're wonderful,not_cyberbullying
You're great,not_cyberbullying
You're supportive,not_cyberbullying
You're talented,not_cyberbullying
Great job,not_cyberbullying
I'm proud of you,not_cyberbullying
Thank you,not_cyberbullying
You're trustworthy,not_cyberbullying
You're innovative,not_cyberbullying
I love working with you,not_cyberbullying
You're trustworthy,not_cyberbullying
Excellent work,not_cyberbullying
You're awesome,not_cyberbullying
You're amazing,not_cyberbullying
You're kind,not_cyberbullying
You're amazing,not_cyberbullying
You're kind,not_cyberbullying
You're wonderful,not_cyberbullying
You're great,not_cyberbullying
You're caring,not_cyberbullying
You're kind,not_cyberbullying
You're wise,not_cyberbullying
I believe in you,not_cyberbullying
Perfect,not_cyberbullying
You're reliable,not_cyberbullying
You're trustworthy,not_cyberbullying
You're fantastic,not_cyberbullying
You're caring,not_cyberbullying
You're kind,not_cyberbullying
I admire you,not_cyberbullying
You're capable,not_cyberbullying
Keep going,not_cyberbullying
You're innovative,not_cyberbullying
Excellent work,not_cyberbullying
Congratulations,not_cyberbullying
I respect you,not_cyberbullying
You're fantastic,not_cyberbullying
You're outstanding,not_cyberbullying
I admire you,not_cyberbullying
Good work,not_cyberbullying
You can do it,not_cyberbullying
Great job,not_cyberbullying
You're capable,not_cyberbullying
I'm proud of you,not_cyberbullying
You're incredible,not_cyberbullying
You're my inspiration,not_cyberbullying
I'm proud of you,not_cyberbullying
I admire you,not_cyberbullying
You inspire me,not_cyberbullying
You're reliable,not_cyberbullying
I'm proud of you,not_cyberbullying
You're brilliant,not_cyberbullying
You're incredible,not_cyberbullying
You're caring,not_cyberbullying
Good work,not_cyberbullying
I believe in you,not_cyberbullying
Nice job,not_cyberbullying
You're incredible,not_cyberbullying
You're outstanding,not_cyberbullying
You're capable,not_cyberbullying
Excellent work,not_cyberbullying
You're intelligent,not_cyberbullying
You're supportive,not_cyberbullying
You're capable,not_cyberbullying
You're creative,not_cyberbullying
I admire you,not_cyberbullying
You're creative,not_cyberbullying
You're wonderful,not_cyberbullying
You can do it,not_cyberbullying
I admire you,not_cyberbullying
You inspire me,not_cyberbullying
You're wonderful,not_cyberbullying
You're intelligent,not_cyberbullying
Nice job,not_cyberbullying
You're strong,not_cyberbullying
Thank you,not_cyberbullying
I admire you,not_cyberbullying
You're supportive,not_cyberbullying
You're kind,not_cyberbullying
You're wise,not_cyberbullying
You're outstanding,not_cyberbullying
I love working with you,not_cyberbullying
You're intelligent,not_cyberbullying
You're wise,not_cyberbullying
I'm proud of you,not_cyberbullying
Great job,not_cyberbullying
You're incredible,not_cyberbullying
You're great,not_cyberbullying
You're creative,not_cyberbullying
You're intelligent,not_cyberbullying
You're awesome,not_cyberbullying
You're awesome,not_cyberbullying
You're remarkable,not_cyberbullying
Congratulations,not_cyberbullying
You're awesome,not_cyberbullying
Excellent work,not_cyberbullying
I believe in you,not_cyberbullying
You're kind,not_cyberbullying
I appreciate you,not_cyberbullying
You can do it,not_cyberbullying
Great job,not_cyberbullying
You're fantastic,not_cyberbullying
Amazing effort,not_cyberbullying
You're great,not_cyberbullying
You're reliable,not_cyberbullying
I respect you,not_cyberbullying
You're supportive,not_cyberbullying
Congratulations,not_cyberbullying
Excellent work,not_cyberbullying
You're my inspiration,not_cyberbullying
You're caring,not_cyberbullying
You inspire me,not_cyberbullying
You can do it,not_cyberbullying
You're remarkable,not_cyberbullying
You're my inspiration,not_cyberbullying
I love working with you,not_cyberbullying
I believe in you,not_cyberbullying
You're brilliant,not_cyberbullying
You're intelligent,not_cyberbullying
Thank you,not_cyberbullying
Amazing effort,not_cyberbullying
I respect you,not_cyberbullying
I'm proud of you,not_cyberbullying
Excellent work,not_cyberbullying
I appreciate you,not_cyberbullying
You're a good friend,not_cyberbullying
You're outstanding,not_cyberbullying
You're innovative,not_cyberbullying
I love working with you,not_cyberbullying
I love working with you,not_cyberbullying
You're outstanding,not_cyberbullying
You're great,not_cyberbullying
Nice job,not_cyberbullying
You're incredible,not_cyberbullying
You're supportive,not_cyberbullying
I love working with you,not_cyberbullying
Excellent work,not_cyberbullying
I'm proud of you,not_cyberbullying
You're fantastic,not_cyberbullying
You're reliable,not_cyberbullying
You're wonderful,not_cyberbullying
You're kind,not_cyberbullying
You're strong,not_cyberbullying
I'm proud of you,not_cyberbullying
You inspire me,not_cyberbullying
You're supportive,not_cyberbullying
I appreciate you,not_cyberbullying
You're capable,not_cyberbullying
I appreciate you,not_cyberbullying
You're a good friend,not_cyberbullying
Keep going,not_cyberbullying
Good work,not_cyberbullying
I believe in you,not_cyberbullying
You're remarkable,not_cyberbullying
I respect you,not_cyberbullying
You can do it,not_cyberbullying
You're wise,not_cyberbullying
You're kind,not_cyberbullying
You're talented,not_cyberbullying
You're great,not_cyberbullying
Amazing effort,not_cyberbullying
Great job,not_cyberbullying
Keep going,not_cyberbullying
You're capable,not_cyberbullying
You're awesome,not_cyberbullying
Excellent work,not_cyberbullying
You're trustworthy,not_cyberbullying
You're excellent,not_cyberbullying
Thank you,not_cyberbullying
Congratulations,not_cyberbullying
I respect you,not_cyberbullying
You're helpful,not_cyberbullying
Thank you,not_cyberbullying
I respect you,not_cyberbullying
You're trustworthy,not_cyberbullying
Excellent work,not_cyberbullying
I appreciate you,not_cyberbullying
You inspire me,not_cyberbullying
You're wise,not_cyberbullying
You're excellent,not_cyberbullying
You inspire me,not_cyberbullying
Thank you,not_cyberbullying
Well done,not_cyberbullying
You're incredible,not_cyberbullying
You're outstanding,not_cyberbullying
Keep going,not_cyberbullying
You're smart,not_cyberbullying
I appreciate you,not_cyberbullying
Keep going,not_cyberbullying
You're innovative,not_cyberbullying
I believe in you,not_cyberbullying
You're supportive,not_cyberbullying
Great job,not_cyberbullying
I respect you,not_cyberbullying
Thank you,not_cyberbullying
You're trustworthy,not_cyberbullying
You're kind,not_cyberbullying
I appreciate you,not_cyberbullying
You're remarkable,not_cyberbullying
You're caring,not_cyberbullying
You're outstanding,not_cyberbullying
You're amazing,not_cyberbullying
Congratulations,not_cyberbullying
You're intelligent,not_cyberbullying
I believe in you,not_cyberbullying
Perfect,not_cyberbullying
Thank you,not_cyberbullying
Well done,not_cyberbullying
You're my inspiration,not_cyberbullying
Excellent work,not_cyberbullying
I believe in you,not_cyberbullying
You're awesome,not_cyberbullying
Excellent work,not_cyberbullying
Excellent work,not_cyberbullying
You're trustworthy,not_cyberbullying
Nice job,not_cyberbullying
You're wise,not_cyberbullying
Keep going,not_cyberbullying
You're fantastic,not_cyberbullying
You're strong,not_cyberbullying
I admire you,not_cyberbullying
You're trustworthy,not_cyberbullying
You're incredible,not_cyberbullying
You're outstanding,not_cyberbullying
Well done,not_cyberbullying
You're smart,not_cyberbullying
You're capable,not_cyberbullying
You inspire me,not_cyberbullying
Amazing effort,not_cyberbullying
Well done,not_cyberbullying
You're innovative,not_cyberbullying
You're supportive,not_cyberbullying
You're talented,not_cyberbullying
I respect you,not_cyberbullying
You're my inspiration,not_cyberbullying
You're intelligent,not_cyberbullying
You're creative,not_cyberbullying
I respect you,not_cyberbullying
You're creative,not_cyberbullying
Nice job,not_cyberbullying
You're remarkable,not_cyberbullying
You're awesome,not_cyberbullying
You're kind,not_cyberbullying
You're talented,not_cyberbullying
I respect you,not_cyberbullying
Congratulations,not_cyberbullying
You're creative,not_cyberbullying
Amazing effort,not_cyberbullying
Nice job,not_cyberbullying
You're caring,not_cyberbullying
Congratulations,not_cyberbullying
Keep going,not_cyberbullying
You're a good friend,not_cyberbullying
You're trustworthy,not_cyberbullying
You're creative,not_cyberbullying
You're trustworthy,not_cyberbullying
You're supportive,not_cyberbullying
I love working with you,not_cyberbullying
Keep going,not_cyberbullying
You're fantastic,not_cyberbullying
Great job,not_cyberbullying
You're creative,not_cyberbullying
You're capable,not_cyberbullying
Keep going,not_cyberbullying
You're capable,not_cyberbullying
You're amazing,not_cyberbullying
Thank you,not_cyberbullying
Good work,not_cyberbullying
You're strong,not_cyberbullying
You're kind,not_cyberbullying
You inspire me,not_cyberbullying
Congratulations,not_cyberbullying
You're great,not_cyberbullying
You're creative,not_cyberbullying
You're wonderful,not_cyberbullying
You're strong,not_cyberbullying
I believe in you,not_cyberbullying
Great job,not_cyberbullying
You're a good friend,not_cyberbullying
You're capable,not_cyberbullying
You're supportive,not_cyberbullying
Excellent work,not_cyberbullying
You're reliable,not_cyberbullying
I love working with you,not_cyberbullying
You're capable,not_cyberbullying
Thank you,not_cyberbullying
You're smart,not_cyberbullying
I love working with you,not_cyberbullying
Keep going,not_cyberbullying
You're awesome,not_cyberbullying
You're amazing,not_cyberbullying
You're smart,not_cyberbullying
You're a good friend,not_cyberbullying
You're creative,not_cyberbullying
You're outstanding,not_cyberbullying
You're talented,not_cyberbullying
You're helpful,not_cyberbullying
I'm proud of you,not_cyberbullying
You're my inspiration,not_cyberbullying
Well done,not_cyberbullying
You're amazing,not_cyberbullying
You're smart,not_cyberbullying
You're kind,not_cyberbullying
You're smart,not_cyberbullying
You're creative,not_cyberbullying
You're brilliant,not_cyberbullying
I love working with you,not_cyberbullying
You're fantastic,not_cyberbullying
You're brilliant,not_cyberbullying
You can do it,not_cyberbullying
Excellent work,not_cyberbullying
You can do it,not_cyberbullying
You're smart,not_cyberbullying
You're talented,not_cyberbullying
You're remarkable,not_cyberbullying
You're trustworthy,not_cyberbullying
I believe in you,not_cyberbullying
Keep going,not_cyberbullying
You're kind,not_cyberbullying
You're brilliant,not_cyberbullying
Perfect,not_cyberbullying
You're talented,not_cyberbullying
You're reliable,not_cyberbullying
Thank you,not_cyberbullying
You're creative,not_cyberbullying
You're strong,not_cyberbullying
Good work,not_cyberbullying
You're supportive,not_cyberbullying
I'm proud of you,not_cyberbullying
I appreciate you,not_cyberbullying
You're caring,not_cyberbullying
Good work,not_cyberbullying
I respect you,not_cyberbullying
You're creative,not_cyberbullying
I appreciate you,not_cyberbullying
Well done,not_cyberbullying
You're innovative,not_cyberbullying
I appreciate you,not_cyberbullying
You're my inspiration,not_cyberbullying
You're remarkable,not_cyberbullying
I respect you,not_cyberbullying
I'm proud of you,not_cyberbullying
You're reliable,not_cyberbullying
I believe in you,not_cyberbullying
Nice job,not_cyberbullying
You're supportive,not_cyberbullying
You're trustworthy,not_cyberbullying
I appreciate you,not_cyberbullying
I believe in you,not_cyberbullying
Thank you,not_cyberbullying
Excellent work,not_cyberbullying
I believe in you,not_cyberbullying
You're great,not_cyberbullying
You can do it,not_cyberbullying
Great job,not_cyberbullying
You're fantastic,not_cyberbullying
You're trustworthy,not_cyberbullying
You're incredible,not_cyberbullying
You're capable,not_cyberbullying
You're incredible,not_cyberbullying
You're talented,not_cyberbullying
You're strong,not_cyberbullying
You're reliable,not_cyberbullying
Good work,not_cyberbullying
You're creative,not_cyberbullying
Excellent work,not_cyberbullying
Keep going,not_cyberbullying
You're smart,not_cyberbullying
You're awesome,not_cyberbullying
You can do it,not_cyberbullying
You're incredible,not_cyberbullying
You're trustworthy,not_cyberbullying
You're trustworthy,not_cyberbullying
You're fantastic,not_cyberbullying
Excellent work,not_cyberbullying
You're creative,not_cyberbullying
You're strong,not_cyberbullying
Excellent work,not_cyberbullying
You're smart,not_cyberbullying
You're talented,not_cyberbullying
Well done,not_cyberbullying
I admire you,not_cyberbullying
You're kind,not_cyberbullying
You're kind,not_cyberbullying
You're kind,not_cyberbullying
You're excellent,not_cyberbullying
Thank you,not_cyberbullying
I believe in you,not_cyberbullying
You're excellent,not_cyberbullying
You're supportive,not_cyberbullying
You can do it,not_cyberbullying
Great job,not_cyberbullying
You're great,not_cyberbullying
Excellent work,not_cyberbullying
Well done,not_cyberbullying
You're helpful,not_cyberbullying
You're capable,not_cyberbullying
You're excellent,not_cyberbullying
I admire you,not_cyberbullying
You're great,not_cyberbullying
You're fantastic,not_cyberbullying
I'm proud of you,not_cyberbullying
You're innovative,not_cyberbullying
You're intelligent,not_cyberbullying
You're a good friend,not_cyberbullying
You're incredible,not_cyberbullying
You're intelligent,not_cyberbullying
You're intelligent,not_cyberbullying
Well done,not_cyberbullying
I appreciate you,not_cyberbullying
You're my inspiration,not_cyberbullying
You're trustworthy,not_cyberbullying
I love working with you,not_cyberbullying
You're reliable,not_cyberbullying
You inspire me,not_cyberbullying
I love working with you,not_cyberbullying
You're my inspiration,not_cyberbullying
You're helpful,not_cyberbullying
You're wise,not_cyberbullying
Excellent work,not_cyberbullying
Great job,not_cyberbullying
You're creative,not_cyberbullying
You're brilliant,not_cyberbullying
You're talented,not_cyberbullying
I appreciate you,not_cyberbullying
You're wonderful,not_cyberbullying
You're great,not_cyberbullying
Congratulations,not_cyberbullying
You can do it,not_cyberbullying
You're fantastic,not_cyberbullying
You're caring,not_cyberbullying
You're supportive,not_cyberbullying
You're awesome,not_cyberbullying
You're wise,not_cyberbullying
You're reliable,not_cyberbullying
I love working with you,not_cyberbullying
You inspire me,not_cyberbullying
You're a good friend,not_cyberbullying
I appreciate you,not_cyberbullying
Great job,not_cyberbullying
You're wonderful,not_cyberbullying
You're wonderful,not_cyberbullying
I appreciate you,not_cyberbullying
I admire you,not_cyberbullying
Amazing effort,not_cyberbullying
You're smart,not_cyberbullying
You're wise,not_cyberbullying
You're outstanding,not_cyberbullying
Well done,not_cyberbullying
You're strong,not_cyberbullying
You're capable,not_cyberbullying
You're intelligent,not_cyberbullying
You're creative,not_cyberbullying
You're intelligent,not_cyberbullying
Amazing effort,not_cyberbullying
You're strong,not_cyberbullying
I appreciate you,not_cyberbullying
You're my inspiration,not_cyberbullying
Excellent work,not_cyberbullying
You're a good friend,not_cyberbullying
You're wise,not_cyberbullying
Nice job,not_cyberbullying
I admire you,not_cyberbullying
You're smart,not_cyberbullying
You're excellent,not_cyberbullying
You're incredible,not_cyberbullying
You're capable,not_cyberbullying
You inspire me,not_cyberbullying
Congratulations,not_cyberbullying
You're smart,not_cyberbullying
You can do it,not_cyberbullying
You're intelligent,not_cyberbullying
You're intelligent,not_cyberbullying
Nice job,not_cyberbullying
You're kind,not_cyberbullying
You're a good friend,not_cyberbullying
You're wise,not_cyberbullying
You're a good friend,not_cyberbullying
You inspire me,not_cyberbullying
Congratulations,not_cyberbullying
I respect you,not_cyberbullying
Excellent work,not_cyberbullying
You're caring,not_cyberbullying
Amazing effort,not_cyberbullying
I appreciate you,not_cyberbullying
Great job,not_cyberbullying
I appreciate you,not_cyberbullying
Great job,not_cyberbullying
I'm proud of you,not_cyberbullying
You're a good friend,not_cyberbullying
You're my inspiration,not_cyberbullying
You're smart,not_cyberbullying
I love working with you,not_cyberbullying
Nice job,not_cyberbullying
I respect you,not_cyberbullying
I love working with you,not_cyberbullying
You're intelligent,not_cyberbullying
You're my inspiration,not_cyberbullying
Congratulations,not_cyberbullying
You're intelligent,not_cyberbullying
Great job,not_cyberbullying
You're helpful,not_cyberbullying
You're caring,not_cyberbullying
You're excellent,not_cyberbullying
You're awesome,not_cyberbullying
You're brilliant,not_cyberbullying
You're outstanding,not_cyberbullying
You're fantastic,not_cyberbullying
You're awesome,not_cyberbullying
Well done,not_cyberbullying
Amazing effort,not_cyberbullying
You're talented,not_cyberbullying
You're awesome,not_cyberbullying
You're smart,not_cyberbullying
You're brilliant,not_cyberbullying
You're innovative,not_cyberbullying
You're wise,not_cyberbullying
You're kind,not_cyberbullying
You're helpful,not_cyberbullying
Good work,not_cyberbullying
You're brilliant,not_cyberbullying
Nice job,not_cyberbullying
I believe in you,not_cyberbullying
You're wise,not_cyberbullying
You're strong,not_cyberbullying
You're fantastic,not_cyberbullying
I appreciate you,not_cyberbullying
You're wise,not_cyberbullying
Keep going,not_cyberbullying
Perfect,not_cyberbullying
You're strong,not_cyberbullying
You're great,not_cyberbullying
You're fantastic,not_cyberbullying
Excellent work,not_cyberbullying
You're fantastic,not_cyberbullying
You're creative,not_cyberbullying
You're wise,not_cyberbullying
You're caring,not_cyberbullying
Nice job,not_cyberbullying
You're creative,not_cyberbullying
You're remarkable,not_cyberbullying
You're fantastic,not_cyberbullying
I admire you,not_cyberbullying
You're strong,not_cyberbullying
You're innovative,not_cyberbullying
You inspire me,not_cyberbullying
You're capable,not_cyberbullying
Great job,not_cyberbullying
You're intelligent,not_cyberbullying
You're wonderful,not_cyberbullying
Thank you,not_cyberbullying
I respect you,not_cyberbullying
You're a good friend,not_cyberbullying
I appreciate you,not_cyberbullying
You're fantastic,not_cyberbullying
You're remarkable,not_cyberbullying
Excellent work,not_cyberbullying
You're incredible,not_cyberbullying
I love working with you,not_cyberbullying
You're caring,not_cyberbullying
You're supportive,not_cyberbullying
You're fantastic,not_cyberbullying
Perfect,not_cyberbullying
I admire you,not_cyberbullying
You're helpful,not_cyberbullying
You're outstanding,not_cyberbullying
I appreciate you,not_cyberbullying
I admire you,not_cyberbullying
You're fantastic,not_cyberbullying
I admire you,not_cyberbullying
You're innovative,not_cyberbullying
Amazing effort,not_cyberbullying
You're strong,not_cyberbullying
You're remarkable,not_cyberbullying
You're helpful,not_cyberbullying
You're talented,not_cyberbullying
You're smart,not_cyberbullying
You're awesome,not_cyberbullying
You can do it,not_cyberbullying
Excellent work,not_cyberbullying
You're creative,not_cyberbullying
You can do it,not_cyberbullying
You're helpful,not_cyberbullying
You're incredible,not_cyberbullying
Excellent work,not_cyberbullying
You're incredible,not_cyberbullying
You're excellent,not_cyberbullying
You're amazing,not_cyberbullying
You're incredible,not_cyberbullying
You can do it,not_cyberbullying
You're great,not_cyberbullying
You're wise,not_cyberbullying
I admire you,not_cyberbullying
You're remarkable,not_cyberbullying
You're kind,not_cyberbullying
You're intelligent,not_cyberbullying
You're intelligent,not_cyberbullying
You're kind,not_cyberbullying
Good work,not_cyberbullying
You're reliable,not_cyberbullying
You're intelligent,not_cyberbullying
You're incredible,not_cyberbullying
You're awesome,not_cyberbullying
You're awesome,not_cyberbullying
You're incredible,not_cyberbullying
You're helpful,not_cyberbullying
You're caring,not_cyberbullying
You're outstanding,not_cyberbullying
Well done,not_cyberbullying
You're caring,not_cyberbullying
You're supportive,not_cyberbullying
You're creative,not_cyberbullying
You're outstanding,not_cyberbullying
You're capable,not_cyberbullying
I admire you,not_cyberbullying
You're caring,not_cyberbullying
You're creative,not_cyberbullying
You can do it,not_cyberbullying
You're excellent,not_cyberbullying
You're capable,not_cyberbullying
You're smart,not_cyberbullying
I appreciate you,not_cyberbullying
I love working with you,not_cyberbullying
You're a good friend,not_cyberbullying
Nice job,not_cyberbullying
Good work,not_cyberbullying
Congratulations,not_cyberbullying
You're remarkable,not_cyberbullying
You're supportive,not_cyberbullying
You're my inspiration,not_cyberbullying
You're helpful,not_cyberbullying
You're strong,not_cyberbullying
Good work,not_cyberbullying
You're strong,not_cyberbullying
You're outstanding,not_cyberbullying
I respect you,not_cyberbullying
You're great,not_cyberbullying
You're awesome,not_cyberbullying
You're intelligent,not_cyberbullying
Congratulations,not_cyberbullying
I appreciate you,not_cyberbullying
You're my inspiration,not_cyberbullying
You're excellent,not_cyberbullying
I admire you,not_cyberbullying
I love working with you,not_cyberbullying
Thank you,not_cyberbullying
Great job,not_cyberbullying
You're amazing,not_cyberbullying
Good work,not_cyberbullying
I'm proud of you,not_cyberbullying
You're talented,not_cyberbullying
You're innovative,not_cyberbullying
I appreciate you,not_cyberbullying
Perfect,not_cyberbullying
Perfect,not_cyberbullying
I admire you,not_cyberbullying
I'm proud of you,not_cyberbullying
Great job,not_cyberbullying
You're amazing,not_cyberbullying
You're smart,not_cyberbullying
You're trustworthy,not_cyberbullying
You're kind,not_cyberbullying
Keep going,not_cyberbullying
You're fantastic,not_cyberbullying
You're intelligent,not_cyberbullying
You're strong,not_cyberbullying
You're incredible,not_cyberbullying
Keep going,not_cyberbullying
Perfect,not_cyberbullying
You're wonderful,not_cyberbullying
You're great,not_cyberbullying
Keep going,not_cyberbullying
I admire you,not_cyberbullying
You're supportive,not_cyberbullying
You're helpful,not_cyberbullying
Well done,not_cyberbullying
You're creative,not_cyberbullying
You're supportive,not_cyberbullying
You're excellent,not_cyberbullying
Amazing effort,not_cyberbullying
You inspire me,not_cyberbullying
I respect you,not_cyberbullying
Thank you,not_cyberbullying
I admire you,not_cyberbullying
You're innovative,not_cyberbullying
You're helpful,not_cyberbullying
I believe in you,not_cyberbullying
You're innovative,not_cyberbullying
Keep going,not_cyberbullying
Excellent work,not_cyberbullying
Excellent work,not_cyberbullying
You're talented,not_cyberbullying
You're incredible,not_cyberbullying
Perfect,not_cyberbullying
You inspire me,not_cyberbullying
I admire you,not_cyberbullying
I admire you,not_cyberbullying
Thank you,not_cyberbullying
You're creative,not_cyberbullying
I respect you,not_cyberbullying
Good work,not_cyberbullying
I appreciate you,not_cyberbullying
You're smart,not_cyberbullying
You can do it,not_cyberbullying
You're reliable,not_cyberbullying
You're capable,not_cyberbullying
You're a good friend,not_cyberbullying
You're intelligent,not_cyberbullying
Congratulations,not_cyberbullying
Great job,not_cyberbullying
You're strong,not_cyberbullying
You can do it,not_cyberbullying
Well done,not_cyberbullying
You're caring,not_cyberbullying
You're my inspiration,not_cyberbullying
You're excellent,not_cyberbullying
I admire you,not_cyberbullying
Keep going,not_cyberbullying
Thank you,not_cyberbullying
Thank you,not_cyberbullying
You're excellent,not_cyberbullying
You're reliable,not_cyberbullying
I respect you,not_cyberbullying
You're remarkable,not_cyberbullying
Amazing effort,not_cyberbullying
I'm proud of you,not_cyberbullying
You're brilliant,not_cyberbullying
You're smart,not_cyberbullying
Perfect,not_cyberbullying
You're incredible,not_cyberbullying
You're helpful,not_cyberbullying
I respect you,not_cyberbullying
You're reliable,not_cyberbullying
Perfect,not_cyberbullying
Good work,not_cyberbullying
Amazing effort,not_cyberbullying
I believe in you,not_cyberbullying
Nice job,not_cyberbullying
You're helpful,not_cyberbullying
You're outstanding,not_cyberbullying
I respect you,not_cyberbullying
You can do it,not_cyberbullying
You're great,not_cyberbullying
You're creative,not_cyberbullying
I'm proud of you,not_cyberbullying
I believe in you,not_cyberbullying
You're strong,not_cyberbullying
You're supportive,not_cyberbullying
You're fantastic,not_cyberbullying
I love working with you,not_cyberbullying
You're talented,not_cyberbullying
I love working with you,not_cyberbullying
You're excellent,not_cyberbullying
I admire you,not_cyberbullying
You're a good friend,not_cyberbullying
I admire you,not_cyberbullying
You're excellent,not_cyberbullying
You're smart,not_cyberbullying
You're caring,not_cyberbullying
I respect you,not_cyberbullying
I admire you,not_cyberbullying
I respect you,not_cyberbullying
You're incredible,not_cyberbullying
You're awesome,not_cyberbullying
You're talented,not_cyberbullying
Nice job,not_cyberbullying
You're intelligent,not_cyberbullying
I believe in you,not_cyberbullying
You're incredible,not_cyberbullying
Amazing effort,not_cyberbullying
Congratulations,not_cyberbullying
You're capable,not_cyberbullying
You're great,not_cyberbullying
You're innovative,not_cyberbullying
I love working with you,not_cyberbullying
You're outstanding,not_cyberbullying
I admire you,not_cyberbullying
You're brilliant,not_cyberbullying
I respect you,not_cyberbullying
You're kind,not_cyberbullying
You're kind,not_cyberbullying
Thank you,not_cyberbullying
You're caring,not_cyberbullying
You're wise,not_cyberbullying
Nice job,not_cyberbullying
You're intelligent,not_cyberbullying
You inspire me,not_cyberbullying
You're creative,not_cyberbullying
Keep going,not_cyberbullying
I love working with you,not_cyberbullying
Keep going,not_cyberbullying
You're great,not_cyberbullying
I respect you,not_cyberbullying
You're fantastic,not_cyberbullying
You're innovative,not_cyberbullying
You're wonderful,not_cyberbullying
You're helpful,not_cyberbullying
Perfect,not_cyberbullying
Great job,not_cyberbullying
You're reliable,not_cyberbullying
Well done,not_cyberbullying
You're creative,not_cyberbullying
Excellent work,not_cyberbullying
Perfect,not_cyberbullying
Amazing effort,not_cyberbullying
You're innovative,not_cyberbullying
I admire you,not_cyberbullying
You're excellent,not_cyberbullying
You're outstanding,not_cyberbullying
You inspire me,not_cyberbullying
You're helpful,not_cyberbullying
Nice job,not_cyberbullying
Congratulations,not_cyberbullying
I respect you,not_cyberbullying
You're kind,not_cyberbullying
You're reliable,not_cyberbullying
You're incredible,not_cyberbullying
You're remarkable,not_cyberbullying
You inspire me,not_cyberbullying
Thank you,not_cyberbullying
Amazing effort,not_cyberbullying
You can do it,not_cyberbullying
You're reliable,not_cyberbullying
You're kind,not_cyberbullying
You're brilliant,not_cyberbullying
I respect you,not_cyberbullying
You're reliable,not_cyberbullying
Thank you,not_cyberbullying
I admire you,not_cyberbullying
You're awesome,not_cyberbullying
Great job,not_cyberbullying
You're great,not_cyberbullying
You're creative,not_cyberbullying
You're outstanding,not_cyberbullying
You're helpful,not_cyberbullying
You're amazing,not_cyberbullying
Perfect,not_cyberbullying
Amazing effort,not_cyberbullying
You're awesome,not_cyberbullying
You're brilliant,not_cyberbullying
Nice job,not_cyberbullying
Keep going,not_cyberbullying
You can do it,not_cyberbullying
Well done,not_cyberbullying
I'm proud of you,not_cyberbullying
You're outstanding,not_cyberbullying
Amazing effort,not_cyberbullying
You're amazing,not_cyberbullying
You're brilliant,not_cyberbullying
You're strong,not_cyberbullying
You're great,not_cyberbullying
I respect you,not_cyberbullying
Congratulations,not_cyberbullying
I appreciate you,not_cyberbullying
You're smart,not_cyberbullying
Excellent work,not_cyberbullying
You're supportive,not_cyberbullying
You're caring,not_cyberbullying
Keep going,not_cyberbullying
Well done,not_cyberbullying
You're brilliant,not_cyberbullying
Amazing effort,not_cyberbullying
You're talented,not_cyberbullying
You're talented,not_cyberbullying
You're reliable,not_cyberbullying
Keep going,not_cyberbullying
You're outstanding,not_cyberbullying
You're great,not_cyberbullying
I'm proud of you,not_cyberbullying
I'm proud of you,not_cyberbullying
I love working with you,not_cyberbullying
Amazing effort,not_cyberbullying
You're incredible,not_cyberbullying
You're incredible,not_cyberbullying
You're excellent,not_cyberbullying
You're great,not_cyberbullying
You're reliable,not_cyberbullying
You're remarkable,not_cyberbullying
You're awesome,not_cyberbullying
You're trustworthy,not_cyberbullying
I love working with you,not_cyberbullying
You inspire me,not_cyberbullying
You're awesome,not_cyberbullying
You can do it,not_cyberbullying
You're kind,not_cyberbullying
Excellent work,not_cyberbullying
You're kind,not_cyberbullying
You inspire me,not_cyberbullying
You're strong,not_cyberbullying
You're fantastic,not_cyberbullying
You inspire me,not_cyberbullying
You're reliable,not_cyberbullying
You're talented,not_cyberbullying
You're wonderful,not_cyberbullying
You're outstanding,not_cyberbullying
I love working with you,not_cyberbullying
Well done,not_cyberbullying
You're brilliant,not_cyberbullying
You inspire me,not_cyberbullying
You're awesome,not_cyberbullying
You inspire me,not_cyberbullying
I love working with you,not_cyberbullying
I admire you,not_cyberbullying
You're wonderful,not_cyberbullying
You're innovative,not_cyberbullying
Keep going,not_cyberbullying
You're excellent,not_cyberbullying
You're smart,not_cyberbullying
You're awesome,not_cyberbullying
Congratulations,not_cyberbullying
You're reliable,not_cyberbullying
You're my inspiration,not_cyberbullying
You're my inspiration,not_cyberbullying
You're remarkable,not_cyberbullying
I respect you,not_cyberbullying
I respect you,not_cyberbullying
Great job,not_cyberbullying
You're outstanding,not_cyberbullying
You're creative,not_cyberbullying
You're brilliant,not_cyberbullying
You're reliable,not_cyberbullying
Great job,not_cyberbullying
Perfect,not_cyberbullying
You're helpful,not_cyberbullying
You're smart,not_cyberbullying
You're reliable,not_cyberbullying
Great job,not_cyberbullying
You're incredible,not_cyberbullying
You're fantastic,not_cyberbullying
You're trustworthy,not_cyberbullying
Thank you,not_cyberbullying
I'm proud of you,not_cyberbullying
Great job,not_cyberbullying
You're helpful,not_cyberbullying
You're helpful,not_cyberbullying
You're trustworthy,not_cyberbullying
You're trustworthy,not_cyberbullying
You're my inspiration,not_cyberbullying
You're great,not_cyberbullying
I respect you,not_cyberbullying
You're remarkable,not_cyberbullying
You're wise,not_cyberbullying
Congratulations,not_cyberbullying
You're strong,not_cyberbullying
You're intelligent,not_cyberbullying
Good work,not_cyberbullying
Perfect,not_cyberbullying
You're kind,not_cyberbullying
You're brilliant,not_cyberbullying
I love working with you,not_cyberbullying
You're supportive,not_cyberbullying
Well done,not_cyberbullying
Perfect,not_cyberbullying
Perfect,not_cyberbullying
You're intelligent,not_cyberbullying
I'm proud of you,not_cyberbullying
You're smart,not_cyberbullying
You're smart,not_cyberbullying
You're strong,not_cyberbullying
You're brilliant,not_cyberbullying
You're fantastic,not_cyberbullying
You're brilliant,not_cyberbullying
You're smart,not_cyberbullying
You're trustworthy,not_cyberbullying
Congratulations,not_cyberbullying
Keep going,not_cyberbullying
Well done,not_cyberbullying
You're capable,not_cyberbullying
You're amazing,not_cyberbullying
You're reliable,not_cyberbullying
Nice job,not_cyberbullying
Great job,not_cyberbullying
You're excellent,not_cyberbullying
You're excellent,not_cyberbullying
You're reliable,not_cyberbullying
Amazing effort,not_cyberbullying
I respect you,not_cyberbullying
You're amazing,not_cyberbullying
You're a good friend,not_cyberbullying
You inspire me,not_cyberbullying
Keep going,not_cyberbullying
You're incredible,not_cyberbullying
I appreciate you,not_cyberbullying
I admire you,not_cyberbullying
I believe in you,not_cyberbullying
I appreciate you,not_cyberbullying
Great job,not_cyberbullying
Amazing effort,not_cyberbullying
Nice job,not_cyberbullying
You're talented,not_cyberbullying
You're fantastic,not_cyberbullying
You're outstanding,not_cyberbullying
You're strong,not_cyberbullying
I love working with you,not_cyberbullying
You're smart,not_cyberbullying
You're caring,not_cyberbullying
You're great,not_cyberbullying
You're smart,not_cyberbullying
You're remarkable,not_cyberbullying
Amazing effort,not_cyberbullying
I appreciate you,not_cyberbullying
You're wise,not_cyberbullying
I admire you,not_cyberbullying
I'm proud of you,not_cyberbullying
You're capable,not_cyberbullying
You're intelligent,not_cyberbullying
You're supportive,not_cyberbullying
You're smart,not_cyberbullying
You're excellent,not_cyberbullying
I appreciate you,not_cyberbullying
You're a good friend,not_cyberbullying
Good work,not_cyberbullying
You inspire me,not_cyberbullying
You're innovative,not_cyberbullying
You're incredible,not_cyberbullying
Well done,not_cyberbullying
You're strong,not_cyberbullying
Good work,not_cyberbullying
Nice job,not_cyberbullying
You're remarkable,not_cyberbullying
Keep going,not_cyberbullying
You're caring,not_cyberbullying
I love working with you,not_cyberbullying
You're helpful,not_cyberbullying
You're trustworthy,not_cyberbullying
Amazing effort,not_cyberbullying
You're capable,not_cyberbullying
I respect you,not_cyberbullying
Excellent work,not_cyberbullying
You're trustworthy,not_cyberbullying
You're fantastic,not_cyberbullying
I'm proud of you,not_cyberbullying
I love working with you,not_cyberbullying
You're amazing,not_cyberbullying
You're kind,not_cyberbullying
You're talented,not_cyberbullying
Congratulations,not_cyberbullying
You're creative,not_cyberbullying
Excellent work,not_cyberbullying
You're supportive,not_cyberbullying
Nice job,not_cyberbullying
You can do it,not_cyberbullying
Perfect,not_cyberbullying
You're fantastic,not_cyberbullying
You're a good friend,not_cyberbullying
You're incredible,not_cyberbullying
Amazing effort,not_cyberbullying
You're incredible,not_cyberbullying
You're wise,not_cyberbullying
You're brilliant,not_cyberbullying
You inspire me,not_cyberbullying
You're great,not_cyberbullying
You're awesome,not_cyberbullying
You're incredible,not_cyberbullying
You're incredible,not_cyberbullying
You're supportive,not_cyberbullying
You're outstanding,not_cyberbullying
I admire you,not_cyberbullying
You're excellent,not_cyberbullying
You're a good friend,not_cyberbullying
Amazing effort,not_cyberbullying
You're smart,not_cyberbullying
You're talented,not_cyberbullying
You're reliable,not_cyberbullying
Great job,not_cyberbullying
I'm proud of you,not_cyberbullying
You're supportive,not_cyberbullying
You're incredible,not_cyberbullying
You're capable,not_cyberbullying
You're a good friend,not_cyberbullying
You're wise,not_cyberbullying
You're awesome,not_cyberbullying
You're remarkable,not_cyberbullying
Keep going,not_cyberbullying
You're intelligent,not_cyberbullying
You're my inspiration,not_cyberbullying
You're awesome,not_cyberbullying
You're wonderful,not_cyberbullying
Nice job,not_cyberbullying
I love working with you,not_cyberbullying
You're helpful,not_cyberbullying
You're awesome,not_cyberbullying
I admire you,not_cyberbullying
You're great,not_cyberbullying
Good work,not_cyberbullying
Well done,not_cyberbullying
You're kind,not_cyberbullying
You're wise,not_cyberbullying
Thank you,not_cyberbullying
You're incredible,not_cyberbullying
You're strong,not_cyberbullying
I appreciate you,not_cyberbullying
I'm proud of you,not_cyberbullying
Congratulations,not_cyberbullying
I'm proud of you,not_cyberbullying
You're excellent,not_cyberbullying
You're wonderful,not_cyberbullying
You're caring,not_cyberbullying
You're my inspiration,not_cyberbullying
Excellent work,not_cyberbullying
You're wonderful,not_cyberbullying
You're kind,not_cyberbullying
You're creative,not_cyberbullying
Nice job,not_cyberbullying
Excellent work,not_cyberbullying
You're smart,not_cyberbullying
You're strong,not_cyberbullying
Amazing effort,not_cyberbullying
You're strong,not_cyberbullying
You can do it,not_cyberbullying
You can do it,not_cyberbullying
Nice job,not_cyberbullying
You're awesome,not_cyberbullying
Congratulations,not_cyberbullying
Perfect,not_cyberbullying
Well done,not_cyberbullying
Thank you,not_cyberbullying
I love working with you,not_cyberbullying
You're innovative,not_cyberbullying
Nice job,not_cyberbullying
Amazing effort,not_cyberbullying
I respect you,not_cyberbullying
Nice job,not_cyberbullying
You're reliable,not_cyberbullying
You're caring,not_cyberbullying
Thank you,not_cyberbullying
You're creative,not_cyberbullying
You inspire me,not_cyberbullying
You're incredible,not_cyberbullying
You're smart,not_cyberbullying
You're innovative,not_cyberbullying
Well done,not_cyberbullying
I'm proud of you,not_cyberbullying
Nice job,not_cyberbullying
You're innovative,not_cyberbullying
You can do it,not_cyberbullying
I love working with you,not_cyberbullying
I admire you,not_cyberbullying
I admire you,not_cyberbullying
Excellent work,not_cyberbullying
I admire you,not_cyberbullying
You're excellent,not_cyberbullying
I'm proud of you,not_cyberbullying
I respect you,not_cyberbullying
You're caring,not_cyberbullying
Perfect,not_cyberbullying
Amazing effort,not_cyberbullying
I respect you,not_cyberbullying
Keep going,not_cyberbullying
Perfect,not_cyberbullying
Great job,not_cyberbullying
I love working with you,not_cyberbullying
You're kind,not_cyberbullying
You're reliable,not_cyberbullying
I believe in you,not_cyberbullying
You're reliable,not_cyberbullying
You're awesome,not_cyberbullying
You're trustworthy,not_cyberbullying
I admire you,not_cyberbullying
Well done,not_cyberbullying
You're creative,not_cyberbullying
You're wonderful,not_cyberbullying
You're great,not_cyberbullying
You're capable,not_cyberbullying
You're my inspiration,not_cyberbullying
You inspire me,not_cyberbullying
You're brilliant,not_cyberbullying
You're incredible,not_cyberbullying
You're reliable,not_cyberbullying
You're smart,not_cyberbullying
You're a good friend,not_cyberbullying
You're intelligent,not_cyberbullying
Great job,not_cyberbullying
You inspire me,not_cyberbullying
I appreciate you,not_cyberbullying
Excellent work,not_cyberbullying
You're a good friend,not_cyberbullying
You're brilliant,not_cyberbullying
You're outstanding,not_cyberbullying
You can do it,not_cyberbullying
I'm proud of you,not_cyberbullying
Good work,not_cyberbullying
You're incredible,not_cyberbullying
You're supportive,not_cyberbullying
You're fantastic,not_cyberbullying
Well done,not_cyberbullying
I appreciate you,not_cyberbullying
Nice job,not_cyberbullying
You're capable,not_cyberbullying
You're excellent,not_cyberbullying
Thank you,not_cyberbullying
You're talented,not_cyberbullying
You're reliable,not_cyberbullying
You're brilliant,not_cyberbullying
Amazing effort,not_cyberbullying
You're outstanding,not_cyberbullying
Keep going,not_cyberbullying
You're reliable,not_cyberbullying
I appreciate you,not_cyberbullying
I appreciate you,not_cyberbullying
You're my inspiration,not_cyberbullying
Perfect,not_cyberbullying
Great job,not_cyberbullying
You're helpful,not_cyberbullying
You're great,not_cyberbullying
You're trustworthy,not_cyberbullying
You're caring,not_cyberbullying
Congratulations,not_cyberbullying
You can do it,not_cyberbullying
You're caring,not_cyberbullying
I love working with you,not_cyberbullying
You can do it,not_cyberbullying
Keep going,not_cyberbullying
You're trustworthy,not_cyberbullying
You inspire me,not_cyberbullying
You're reliable,not_cyberbullying
You're helpful,not_cyberbullying
You're amazing,not_cyberbullying
I love working with you,not_cyberbullying
You're my inspiration,not_cyberbullying
You're strong,not_cyberbullying
You're innovative,not_cyberbullying
You're brilliant,not_cyberbullying
You're outstanding,not_cyberbullying
You're my inspiration,not_cyberbullying
You're trustworthy,not_cyberbullying
Great job,not_cyberbullying
You're innovative,not_cyberbullying
You're reliable,not_cyberbullying
You inspire me,not_cyberbullying
You're intelligent,not_cyberbullying
You're amazing,not_cyberbullying
Thank you,not_cyberbullying
You're brilliant,not_cyberbullying
I believe in you,not_cyberbullying
You're outstanding,not_cyberbullying
You're intelligent,not_cyberbullying
You're excellent,not_cyberbullying
I admire you,not_cyberbullying
I respect you,not_cyberbullying
You inspire me,not_cyberbullying
You can do it,not_cyberbullying
Amazing effort,not_cyberbullying
You're caring,not_cyberbullying
I appreciate you,not_cyberbullying
Perfect,not_cyberbullying
I'm proud of you,not_cyberbullying
You're remarkable,not_cyberbullying
You're supportive,not_cyberbullying
You're capable,not_cyberbullying
Good work,not_cyberbullying
You're intelligent,not_cyberbullying
You're a good friend,not_cyberbullying
You're reliable,not_cyberbullying
You're strong,not_cyberbullying
You're trustworthy,not_cyberbullying
You're remarkable,not_cyberbullying
You're remarkable,not_cyberbullying
You're talented,not_cyberbullying
You're great,not_cyberbullying
You're brilliant,not_cyberbullying
Keep going,not_cyberbullying
You're brilliant,not_cyberbullying
You're helpful,not_cyberbullying
Nice job,not_cyberbullying
You're strong,not_cyberbullying
Good work,not_cyberbullying
You're a good friend,not_cyberbullying
Nice job,not_cyberbullying
I'm proud of you,not_cyberbullying
You're trustworthy,not_cyberbullying
You're innovative,not_cyberbullying
You're smart,not_cyberbullying
I admire you,not_cyberbullying
You're great,not_cyberbullying
You're intelligent,not_cyberbullying
You're outstanding,not_cyberbullying
You're amazing,not_cyberbullying
You're smart,not_cyberbullying
You're my inspiration,not_cyberbullying
You're outstanding,not_cyberbullying
You're trustworthy,not_cyberbullying
You're wise,not_cyberbullying
You're incredible,not_cyberbullying
You're incredible,not_cyberbullying
You're remarkable,not_cyberbullying
Amazing effort,not_cyberbullying
You can do it,not_cyberbullying
You're smart,not_cyberbullying
Great job,not_cyberbullying
You're reliable,not_cyberbullying
Keep going,not_cyberbullying
You're capable,not_cyberbullying
You're strong,not_cyberbullying
Excellent work,not_cyberbullying
You're wise,not_cyberbullying
You're a good friend,not_cyberbullying
Amazing effort,not_cyberbullying
I respect you,not_cyberbullying
You're reliable,not_cyberbullying
You're smart,not_cyberbullying
Keep going,not_cyberbullying
You're caring,not_cyberbullying
You're brilliant,not_cyberbullying
Congratulations,not_cyberbullying
Keep going,not_cyberbullying
You're talented,not_cyberbullying
You're outstanding,not_cyberbullying
You're a good friend,not_cyberbullying
You're incredible,not_cyberbullying
You inspire me,not_cyberbullying
You're brilliant,not_cyberbullying
You're wise,not_cyberbullying
You inspire me,not_cyberbullying
You're supportive,not_cyberbullying
You're remarkable,not_cyberbullying
Amazing effort,not_cyberbullying
You're innovative,not_cyberbullying
Nice job,not_cyberbullying
You can do it,not_cyberbullying
You can do it,not_cyberbullying
You're intelligent,not_cyberbullying
You're brilliant,not_cyberbullying
Well done,not_cyberbullying
Amazing effort,not_cyberbullying
Keep going,not_cyberbullying
You're amazing,not_cyberbullying
You're supportive,not_cyberbullying
You're wonderful,not_cyberbullying
Congratulations,not_cyberbullying
I love working with you,not_cyberbullying
I believe in you,not_cyberbullying
You're remarkable,not_cyberbullying
You're caring,not_cyberbullying
You're kind,not_cyberbullying
You're capable,not_cyberbullying
Keep going,not_cyberbullying
You're reliable,not_cyberbullying
Perfect,not_cyberbullying
You're excellent,not_cyberbullying
You're outstanding,not_cyberbullying
You're incredible,not_cyberbullying
You're smart,not_cyberbullying
Excellent work,not_cyberbullying
Well done,not_cyberbullying
Amazing effort,not_cyberbullying
Amazing effort,not_cyberbullying
Thank you,not_cyberbullying
You're intelligent,not_cyberbullying
Perfect,not_cyberbullying
You're wonderful,not_cyberbullying
Great job,not_cyberbullying
You're creative,not_cyberbullying
You inspire me,not_cyberbullying
You're a good friend,not_cyberbullying
You're kind,not_cyberbullying
Good work,not_cyberbullying
I love working with you,not_cyberbullying
You're amazing,not_cyberbullying
You're incredible,not_cyberbullying
You're intelligent,not_cyberbullying
Well done,not_cyberbullying
You're great,not_cyberbullying
Great job,not_cyberbullying
You're strong,not_cyberbullying
Excellent work,not_cyberbullying
You're strong,not_cyberbullying
You're kind,not_cyberbullying
You're creative,not_cyberbullying
You're smart,not_cyberbullying
You're smart,not_cyberbullying
Good work,not_cyberbullying
Congratulations,not_cyberbullying
You're creative,not_cyberbullying
Good work,not_cyberbullying
You're talented,not_cyberbullying
I believe in you,not_cyberbullying
Great job,not_cyberbullying
I'm proud of you,not_cyberbullying
You're brilliant,not_cyberbullying
You're creative,not_cyberbullying
You're capable,not_cyberbullying
I admire you,not_cyberbullying
Congratulations,not_cyberbullying
Great job,not_cyberbullying
You're caring,not_cyberbullying
You're amazing,not_cyberbullying
Excellent work,not_cyberbullying
Excellent work,not_cyberbullying
Congratulations,not_cyberbullying
You're innovative,not_cyberbullying
You're wonderful,not_cyberbullying
Good work,not_cyberbullying
You're awesome,not_cyberbullying
You're fantastic,not_cyberbullying
You're great,not_cyberbullying
You're trustworthy,not_cyberbullying
I appreciate you,not_cyberbullying
Keep going,not_cyberbullying
You can do it,not_cyberbullying
Congratulations,not_cyberbullying
Perfect,not_cyberbullying
You're reliable,not_cyberbullying
You're a good friend,not_cyberbullying
You're excellent,not_cyberbullying
Great job,not_cyberbullying
Amazing effort,not_cyberbullying
You're reliable,not_cyberbullying
You're a good friend,not_cyberbullying
You're caring,not_cyberbullying
You're kind,not_cyberbullying
You're capable,not_cyberbullying
You're remarkable,not_cyberbullying
You're kind,not_cyberbullying
I respect you,not_cyberbullying
You're awesome,not_cyberbullying
You're smart,not_cyberbullying
You're outstanding,not_cyberbullying
I admire you,not_cyberbullying
You're trustworthy,not_cyberbullying
You're intelligent,not_cyberbullying
I'm proud of you,not_cyberbullying
You're great,not_cyberbullying
You're a good friend,not_cyberbullying
You're capable,not_cyberbullying
You're intelligent,not_cyberbullying
You're kind,not_cyberbullying
Well done,not_cyberbullying
You're awesome,not_cyberbullying
I appreciate you,not_cyberbullying
You're talented,not_cyberbullying
Perfect,not_cyberbullying
You're wonderful,not_cyberbullying
You're amazing,not_cyberbullying
You're helpful,not_cyberbullying
Good work,not_cyberbullying
You're supportive,not_cyberbullying
I respect you,not_cyberbullying
You're incredible,not_cyberbullying
I'm proud of you,not_cyberbullying
Excellent work,not_cyberbullying
Nice job,not_cyberbullying
You're a good friend,not_cyberbullying
You're awesome,not_cyberbullying
You're creative,not_cyberbullying
Great job,not_cyberbullying
Nice job,not_cyberbullying
Nice job,not_cyberbullying
You're innovative,not_cyberbullying
I love working with you,not_cyberbullying
I love working with you,not_cyberbullying
Keep going,not_cyberbullying
Thank you,not_cyberbullying
You're reliable,not_cyberbullying
You're capable,not_cyberbullying
You're helpful,not_cyberbullying
Great job,not_cyberbullying
You're incredible,not_cyberbullying
You're kind,not_cyberbullying
I respect you,not_cyberbullying
You're creative,not_cyberbullying
You're reliable,not_cyberbullying
You're outstanding,not_cyberbullying
You're my inspiration,not_cyberbullying
You're brilliant,not_cyberbullying
I love working with you,not_cyberbullying
Keep going,not_cyberbullying
You're caring,not_cyberbullying
You're excellent,not_cyberbullying
You're wonderful,not_cyberbullying
You're kind,not_cyberbullying
